State,Year,State_Year,Coal_Consumed,FO_Consumed,EL_Consumed,LPG_Consumed,KE_Consumed,NG_Consumed,Total_Energy_Consumed,Wood_Consumed
ALABAMA,2006,ALABAMA 2006,56.0,54.0,110129.0,6391.0,284.0,39180.0,386066.0,4070.0
ALABAMA,2007,ALABAMA 2007,2.0,48.0,111857.0,6846.0,181.0,36412.0,394481.0,4498.0
ALABAMA,2008,ALABAMA 2008,0.0,53.0,109814.0,7569.0,46.0,38656.0,388024.0,5033.0
ALABAMA,2009,ALABAMA 2009,0.0,563.0,107442.0,7798.0,65.0,37030.0,372781.0,6666.0
ALABAMA,2010,ALABAMA 2010,0.0,699.0,121226.0,8504.0,86.0,42872.0,419277.0,7149.0
ALABAMA,2011,ALABAMA 2011,0.0,62.0,112606.0,5876.0,70.0,37180.0,377607.0,6934.0
ALABAMA,2012,ALABAMA 2012,0.0,104.0,104517.0,4208.0,15.0,28022.0,338290.0,5794.0
ALABAMA,2013,ALABAMA 2013,0.0,89.0,107064.0,4688.0,15.0,35626.0,358238.0,7561.0
ALABAMA,2014,ALABAMA 2014,0.0,101.0,112356.0,4942.0,22.0,39842.0,378853.0,7652.0
ALABAMA,2015,ALABAMA 2015,0.0,120.0,108872.0,5395.0,17.0,33653.0,349230.0,2123.0
ALABAMA,2016,ALABAMA 2016,0.0,92.0,109374.0,5041.0,12.0,29155.0,341584.0,1749.0
ALABAMA,2017,ALABAMA 2017,0.0,83.0,102978.0,4760.0,4.0,27077.0,323377.0,1484.0
ALABAMA,2018,ALABAMA 2018,0.0,69.0,112870.0,5741.0,13.0,35669.0,358161.0,2038.0
ALABAMA,2019,ALABAMA 2019,0.0,23.0,110602.0,6034.0,11.0,31472.0,347873.0,1978.0
ALASKA,2006,ALASKA 2006,783.0,11211.0,7234.0,532.0,1561.0,20715.0,59556.0,816.0
ALASKA,2007,ALASKA 2007,739.0,8435.0,7215.0,406.0,914.0,19961.0,53742.0,902.0
ALASKA,2008,ALASKA 2008,0.0,7216.0,7267.0,740.0,792.0,21568.0,53668.0,1009.0
ALASKA,2009,ALASKA 2009,0.0,8665.0,7225.0,704.0,77.0,20075.0,53536.0,2146.0
ALASKA,2010,ALASKA 2010,0.0,8687.0,7142.0,589.0,83.0,18806.0,52253.0,2302.0
ALASKA,2011,ALASKA 2011,0.0,8040.0,7283.0,500.0,142.0,20521.0,53939.0,2232.0
ALASKA,2012,ALASKA 2012,0.0,7819.0,7371.0,502.0,41.0,21634.0,54597.0,1865.0
ALASKA,2013,ALASKA 2013,0.0,6917.0,7179.0,368.0,27.0,19233.0,48810.0,2434.0
ALASKA,2014,ALASKA 2014,0.0,6654.0,6973.0,388.0,33.0,17751.0,47823.0,2463.0
ALASKA,2015,ALASKA 2015,0.0,7770.0,6975.0,355.0,38.0,18593.0,53136.0,5889.0
ALASKA,2016,ALASKA 2016,0.0,7173.0,6846.0,348.0,60.0,17806.0,50843.0,6389.0
ALASKA,2017,ALASKA 2017,0.0,7755.0,7030.0,447.0,0.0,20000.0,53081.0,5430.0
ALASKA,2018,ALASKA 2018,0.0,6396.0,6738.0,459.0,0.0,18108.0,49398.0,5942.0
ALASKA,2019,ALASKA 2019,0.0,6574.0,6579.0,398.0,0.0,17698.0,48580.0,5536.0
ARIZONA,2006,ARIZONA 2006,1.0,20.0,110438.0,3211.0,9.0,36732.0,383046.0,7397.0
ARIZONA,2007,ARIZONA 2007,1.0,13.0,117498.0,3008.0,2.0,39305.0,394012.0,8176.0
ARIZONA,2008,ARIZONA 2008,0.0,12.0,113402.0,5172.0,1.0,39461.0,385383.0,9149.0
ARIZONA,2009,ARIZONA 2009,0.0,19.0,112073.0,4879.0,2.0,35367.0,373842.0,2866.0
ARIZONA,2010,ARIZONA 2010,0.0,16.0,110713.0,4574.0,0.0,38445.0,376625.0,3074.0
ARIZONA,2011,ARIZONA 2011,0.0,18.0,112866.0,5306.0,0.0,39094.0,391384.0,2981.0
ARIZONA,2012,ARIZONA 2012,0.0,22.0,112333.0,3118.0,0.0,35693.0,378865.0,2491.0
ARIZONA,2013,ARIZONA 2013,0.0,12.0,112949.0,3967.0,0.0,40729.0,389450.0,3251.0
ARIZONA,2014,ARIZONA 2014,0.0,12.0,110365.0,4084.0,0.0,33442.0,377957.0,3290.0
ARIZONA,2015,ARIZONA 2015,0.0,6.0,113167.0,3508.0,0.0,36047.0,385470.0,3915.0
ARIZONA,2016,ARIZONA 2016,0.0,6.0,114953.0,4014.0,0.0,36579.0,392067.0,3240.0
ARIZONA,2017,ARIZONA 2017,0.0,7.0,116865.0,3934.0,0.0,34332.0,401344.0,3074.0
ARIZONA,2018,ARIZONA 2018,0.0,5.0,118261.0,4986.0,0.0,36517.0,407303.0,4330.0
ARIZONA,2019,ARIZONA 2019,0.0,2.0,118465.0,5545.0,2.0,43411.0,412787.0,5459.0
ARKANSAS,2006,ARKANSAS 2006,0.0,15.0,58226.0,5535.0,52.0,32467.0,224542.0,4969.0
ARKANSAS,2007,ARKANSAS 2007,3.0,18.0,59418.0,5440.0,35.0,33041.0,232476.0,5492.0
ARKANSAS,2008,ARKANSAS 2008,0.0,9.0,59343.0,6901.0,13.0,36028.0,236545.0,6146.0
ARKANSAS,2009,ARKANSAS 2009,0.0,23.0,57955.0,6797.0,26.0,33635.0,226791.0,9580.0
ARKANSAS,2010,ARKANSAS 2010,0.0,55.0,65616.0,6049.0,31.0,36509.0,253858.0,10275.0
ARKANSAS,2011,ARKANSAS 2011,0.0,58.0,64102.0,5063.0,12.0,34241.0,247420.0,9966.0
ARKANSAS,2012,ARKANSAS 2012,0.0,25.0,61107.0,3819.0,5.0,26454.0,222034.0,8328.0
ARKANSAS,2013,ARKANSAS 2013,0.0,24.0,62164.0,5092.0,7.0,35663.0,241000.0,10867.0
ARKANSAS,2014,ARKANSAS 2014,0.0,31.0,62921.0,4964.0,16.0,38558.0,246790.0,10997.0
ARKANSAS,2015,ARKANSAS 2015,0.0,49.0,62349.0,4198.0,9.0,33463.0,228572.0,6398.0
ARKANSAS,2016,ARKANSAS 2016,0.0,75.0,60680.0,3198.0,7.0,27469.0,213797.0,5183.0
ARKANSAS,2017,ARKANSAS 2017,0.0,48.0,58095.0,2949.0,2.0,26080.0,202036.0,4361.0
ARKANSAS,2018,ARKANSAS 2018,0.0,43.0,65712.0,3993.0,3.0,35466.0,235028.0,6851.0
ARKANSAS,2019,ARKANSAS 2019,0.0,4.0,63915.0,4095.0,4.0,34175.0,226877.0,6899.0
CALIFORNIA,2006,CALIFORNIA 2006,3.0,890.0,306520.0,24696.0,1625.0,502984.0,1488574.0,22952.0
CALIFORNIA,2007,CALIFORNIA 2007,0.0,554.0,304209.0,26190.0,864.0,506805.0,1474374.0,25368.0
CALIFORNIA,2008,CALIFORNIA 2008,0.0,839.0,311280.0,32156.0,458.0,502833.0,1511586.0,28388.0
CALIFORNIA,2009,CALIFORNIA 2009,0.0,2247.0,306393.0,30186.0,973.0,493696.0,1483981.0,37284.0
CALIFORNIA,2010,CALIFORNIA 2010,0.0,934.0,297721.0,31725.0,816.0,505530.0,1466657.0,39988.0
CALIFORNIA,2011,CALIFORNIA 2011,0.0,628.0,301615.0,30067.0,625.0,522406.0,1500559.0,38785.0
CALIFORNIA,2012,CALIFORNIA 2012,0.0,370.0,307455.0,22728.0,269.0,487614.0,1437024.0,32410.0
CALIFORNIA,2013,CALIFORNIA 2013,0.0,551.0,304493.0,22821.0,257.0,494357.0,1440463.0,42291.0
CALIFORNIA,2014,CALIFORNIA 2014,0.0,543.0,304899.0,18804.0,334.0,408754.0,1355028.0,42800.0
CALIFORNIA,2015,CALIFORNIA 2015,0.0,443.0,304986.0,21125.0,248.0,415935.0,1347770.0,22025.0
CALIFORNIA,2016,CALIFORNIA 2016,0.0,439.0,301317.0,23006.0,473.0,426390.0,1367099.0,20589.0
CALIFORNIA,2017,CALIFORNIA 2017,0.0,412.0,307501.0,22096.0,287.0,446314.0,1415437.0,20030.0
CALIFORNIA,2018,CALIFORNIA 2018,0.0,465.0,304009.0,24078.0,287.0,438159.0,1440251.0,22176.0
CALIFORNIA,2019,CALIFORNIA 2019,0.0,480.0,298632.0,25947.0,418.0,480485.0,1455702.0,27045.0
COLORADO,2006,COLORADO 2006,133.0,55.0,57839.0,10263.0,91.0,122875.0,327996.0,6059.0
COLORADO,2007,COLORADO 2007,29.0,44.0,60168.0,11661.0,36.0,134578.0,343360.0,6697.0
COLORADO,2008,COLORADO 2008,0.0,48.0,60462.0,13846.0,22.0,136006.0,347873.0,7494.0
COLORADO,2009,COLORADO 2009,0.0,66.0,59412.0,12365.0,40.0,130896.0,339585.0,9310.0
COLORADO,2010,COLORADO 2010,0.0,61.0,61765.0,12360.0,34.0,133463.0,352304.0,9985.0
COLORADO,2011,COLORADO 2011,0.0,84.0,62360.0,11982.0,10.0,134161.0,354262.0,9684.0
COLORADO,2012,COLORADO 2012,0.0,77.0,62168.0,11150.0,5.0,120076.0,335025.0,8093.0
COLORADO,2013,COLORADO 2013,0.0,78.0,63221.0,13170.0,10.0,139516.0,363327.0,10560.0
COLORADO,2014,COLORADO 2014,0.0,164.0,61733.0,12021.0,5.0,138065.0,353334.0,10687.0
COLORADO,2015,COLORADO 2015,0.0,278.0,62729.0,10751.0,5.0,129193.0,347376.0,11707.0
COLORADO,2016,COLORADO 2016,0.0,64.0,64261.0,11098.0,9.0,128959.0,348562.0,10725.0
COLORADO,2017,COLORADO 2017,0.0,179.0,63514.0,10341.0,3.0,125643.0,343246.0,10671.0
COLORADO,2018,COLORADO 2018,0.0,154.0,65807.0,11606.0,2.0,137145.0,359886.0,11311.0
COLORADO,2019,COLORADO 2019,0.0,207.0,66209.0,13185.0,9.0,154040.0,378983.0,13285.0
CONNECTICUT,2006,CONNECTICUT 2006,8.0,74828.0,44231.0,4107.0,1317.0,40103.0,256700.0,2196.0
CONNECTICUT,2007,CONNECTICUT 2007,8.0,75405.0,45626.0,4516.0,733.0,44385.0,265629.0,2427.0
CONNECTICUT,2008,CONNECTICUT 2008,0.0,72934.0,43434.0,5729.0,278.0,43815.0,255114.0,2716.0
CONNECTICUT,2009,CONNECTICUT 2009,0.0,71766.0,42917.0,6285.0,262.0,45020.0,253184.0,5897.0
CONNECTICUT,2010,CONNECTICUT 2010,0.0,65811.0,44579.0,5824.0,242.0,43815.0,251419.0,6324.0
CONNECTICUT,2011,CONNECTICUT 2011,0.0,59203.0,44079.0,6233.0,176.0,45951.0,238420.0,6134.0
CONNECTICUT,2012,CONNECTICUT 2012,0.0,54568.0,43529.0,5842.0,78.0,42340.0,232769.0,5126.0
CONNECTICUT,2013,CONNECTICUT 2013,0.0,57598.0,44818.0,7109.0,71.0,47716.0,245613.0,6688.0
CONNECTICUT,2014,CONNECTICUT 2014,0.0,58038.0,43597.0,6959.0,95.0,52615.0,248117.0,6769.0
CONNECTICUT,2015,CONNECTICUT 2015,0.0,60485.0,43990.0,7458.0,58.0,52337.0,251761.0,7566.0
CONNECTICUT,2016,CONNECTICUT 2016,0.0,45306.0,43254.0,6992.0,75.0,47327.0,226831.0,5304.0
CONNECTICUT,2017,CONNECTICUT 2017,0.0,45050.0,42239.0,9005.0,48.0,49815.0,229812.0,5546.0
CONNECTICUT,2018,CONNECTICUT 2018,0.0,54680.0,44565.0,8864.0,44.0,54702.0,248546.0,6296.0
CONNECTICUT,2019,CONNECTICUT 2019,0.0,53200.0,42628.0,8413.0,64.0,53808.0,239810.0,6697.0
DELAWARE,2006,DELAWARE 2006,1.0,4100.0,14530.0,2302.0,614.0,9449.0,63315.0,523.0
DELAWARE,2007,DELAWARE 2007,1.0,3691.0,15250.0,2695.0,275.0,10375.0,67885.0,578.0
DELAWARE,2008,DELAWARE 2008,0.0,3354.0,15109.0,2834.0,141.0,10197.0,68574.0,647.0
DELAWARE,2009,DELAWARE 2009,0.0,3436.0,14791.0,3340.0,300.0,10367.0,68693.0,1298.0
DELAWARE,2010,DELAWARE 2010,0.0,3321.0,16241.0,3843.0,226.0,10376.0,72461.0,1392.0
DELAWARE,2011,DELAWARE 2011,0.0,2677.0,15805.0,3171.0,141.0,10323.0,67909.0,1350.0
DELAWARE,2012,DELAWARE 2012,0.0,2092.0,15428.0,2593.0,60.0,8808.0,62032.0,1128.0
DELAWARE,2013,DELAWARE 2013,0.0,2484.0,15593.0,2902.0,63.0,10673.0,64890.0,1472.0
DELAWARE,2014,DELAWARE 2014,0.0,2687.0,15848.0,3308.0,104.0,11944.0,66613.0,1490.0
DELAWARE,2015,DELAWARE 2015,0.0,2812.0,16545.0,3228.0,76.0,11854.0,65664.0,886.0
DELAWARE,2016,DELAWARE 2016,0.0,2050.0,16252.0,2308.0,78.0,10159.0,60553.0,677.0
DELAWARE,2017,DELAWARE 2017,0.0,1764.0,15909.0,2294.0,39.0,10371.0,59711.0,613.0
DELAWARE,2018,DELAWARE 2018,0.0,2493.0,17299.0,2873.0,46.0,12605.0,68854.0,622.0
DELAWARE,2019,DELAWARE 2019,0.0,2470.0,17074.0,2608.0,48.0,12145.0,65584.0,668.0
DISTRICT OF COLUMBIA,2006,DISTRICT OF COLUMBIA 2006,0.0,1061.0,6217.0,5.0,0.0,11698.0,34354.0,32.0
DISTRICT OF COLUMBIA,2007,DISTRICT OF COLUMBIA 2007,50.0,1185.0,6720.0,6.0,0.0,13732.0,37685.0,35.0
DISTRICT OF COLUMBIA,2008,DISTRICT OF COLUMBIA 2008,0.0,833.0,6536.0,7.0,0.0,13592.0,36386.0,39.0
DISTRICT OF COLUMBIA,2009,DISTRICT OF COLUMBIA 2009,0.0,1017.0,6482.0,8.0,0.0,13937.0,36454.0,24.0
DISTRICT OF COLUMBIA,2010,DISTRICT OF COLUMBIA 2010,0.0,1214.0,7245.0,9.0,0.0,13799.0,38997.0,26.0
DISTRICT OF COLUMBIA,2011,DISTRICT OF COLUMBIA 2011,0.0,206.0,7033.0,0.0,0.0,12583.0,35957.0,25.0
DISTRICT OF COLUMBIA,2012,DISTRICT OF COLUMBIA 2012,0.0,1061.0,6833.0,1.0,0.0,11587.0,34614.0,21.0
DISTRICT OF COLUMBIA,2013,DISTRICT OF COLUMBIA 2013,0.0,822.0,6939.0,5.0,0.0,13610.0,36759.0,27.0
DISTRICT OF COLUMBIA,2014,DISTRICT OF COLUMBIA 2014,0.0,804.0,7070.0,10.0,0.0,14854.0,38467.0,27.0
DISTRICT OF COLUMBIA,2015,DISTRICT OF COLUMBIA 2015,0.0,1074.0,8522.0,6.0,0.0,14088.0,42435.0,0.0
DISTRICT OF COLUMBIA,2016,DISTRICT OF COLUMBIA 2016,0.0,108.0,8536.0,5.0,0.0,11880.0,39280.0,6.0
DISTRICT OF COLUMBIA,2017,DISTRICT OF COLUMBIA 2017,0.0,91.0,8171.0,5.0,0.0,12368.0,38383.0,8.0
DISTRICT OF COLUMBIA,2018,DISTRICT OF COLUMBIA 2018,0.0,681.0,8845.0,4.0,0.0,13584.0,41984.0,0.0
DISTRICT OF COLUMBIA,2019,DISTRICT OF COLUMBIA 2019,0.0,51.0,8690.0,9.0,0.0,12487.0,39337.0,0.0
FLORIDA,2006,FLORIDA 2006,1.0,488.0,399385.0,8141.0,306.0,16134.0,1265230.0,1957.0
FLORIDA,2007,FLORIDA 2007,1.0,291.0,401989.0,7333.0,113.0,15602.0,1254926.0,2164.0
FLORIDA,2008,FLORIDA 2008,0.0,163.0,388753.0,7317.0,80.0,16086.0,1216701.0,2421.0
FLORIDA,2009,FLORIDA 2009,0.0,220.0,393996.0,9216.0,100.0,15682.0,1223002.0,14587.0
FLORIDA,2010,FLORIDA 2010,0.0,260.0,417099.0,9028.0,174.0,19198.0,1271713.0,15644.0
FLORIDA,2011,FLORIDA 2011,0.0,156.0,396956.0,7108.0,62.0,16648.0,1191486.0,15174.0
FLORIDA,2012,FLORIDA 2012,0.0,79.0,382578.0,5204.0,21.0,14635.0,1128534.0,12680.0
FLORIDA,2013,FLORIDA 2013,0.0,63.0,386559.0,4974.0,19.0,15593.0,1147013.0,16545.0
FLORIDA,2014,FLORIDA 2014,0.0,102.0,397618.0,5413.0,43.0,17143.0,1177073.0,16744.0
FLORIDA,2015,FLORIDA 2015,0.0,81.0,418855.0,5193.0,19.0,15791.0,1207493.0,267.0
FLORIDA,2016,FLORIDA 2016,0.0,71.0,420770.0,5560.0,33.0,15763.0,1207392.0,273.0
FLORIDA,2017,FLORIDA 2017,0.0,52.0,414430.0,6254.0,10.0,15423.0,1175968.0,200.0
FLORIDA,2018,FLORIDA 2018,0.0,57.0,428302.0,6773.0,19.0,17570.0,1196851.0,287.0
FLORIDA,2019,FLORIDA 2019,0.0,68.0,433943.0,6349.0,18.0,16944.0,1180439.0,302.0
GEORGIA,2006,GEORGIA 2006,0.0,178.0,186024.0,9835.0,356.0,113510.0,711957.0,5764.0
GEORGIA,2007,GEORGIA 2007,5.0,164.0,191834.0,9952.0,222.0,115129.0,735842.0,6370.0
GEORGIA,2008,GEORGIA 2008,0.0,187.0,189662.0,11133.0,95.0,122159.0,737925.0,7129.0
GEORGIA,2009,GEORGIA 2009,0.0,159.0,188198.0,10813.0,190.0,121368.0,726627.0,12164.0
GEORGIA,2010,GEORGIA 2010,0.0,122.0,210024.0,12671.0,198.0,141661.0,819871.0,13046.0
GEORGIA,2011,GEORGIA 2011,0.0,141.0,197041.0,9562.0,98.0,115423.0,747018.0,12653.0
GEORGIA,2012,GEORGIA 2012,0.0,57.0,183088.0,11471.0,29.0,99148.0,671729.0,10574.0
GEORGIA,2013,GEORGIA 2013,0.0,133.0,182694.0,7929.0,27.0,123480.0,686812.0,13797.0
GEORGIA,2014,GEORGIA 2014,0.0,73.0,195055.0,9603.0,57.0,136706.0,741983.0,13963.0
GEORGIA,2015,GEORGIA 2015,0.0,68.0,192511.0,8550.0,34.0,120795.0,697029.0,3491.0
GEORGIA,2016,GEORGIA 2016,0.0,79.0,197519.0,8312.0,41.0,119188.0,710185.0,3323.0
GEORGIA,2017,GEORGIA 2017,0.0,61.0,186880.0,7002.0,21.0,114365.0,665998.0,2453.0
GEORGIA,2018,GEORGIA 2018,0.0,104.0,203659.0,8733.0,93.0,136713.0,738418.0,3331.0
GEORGIA,2019,GEORGIA 2019,0.0,43.0,202439.0,8750.0,59.0,126519.0,715836.0,2842.0
HAWAII,2006,HAWAII 2006,0.0,19.0,10858.0,598.0,0.0,542.0,33679.0,156.0
HAWAII,2007,HAWAII 2007,0.0,19.0,10921.0,480.0,0.0,528.0,34100.0,172.0
HAWAII,2008,HAWAII 2008,0.0,30.0,10527.0,1007.0,0.0,520.0,33424.0,192.0
HAWAII,2009,HAWAII 2009,0.0,16.0,10425.0,920.0,0.0,530.0,33307.0,342.0
HAWAII,2010,HAWAII 2010,0.0,1.0,10200.0,919.0,0.0,529.0,32681.0,367.0
HAWAII,2011,HAWAII 2011,0.0,1.0,9993.0,854.0,0.0,509.0,32506.0,356.0
HAWAII,2012,HAWAII 2012,0.0,0.0,9346.0,1254.0,0.0,503.0,31530.0,297.0
HAWAII,2013,HAWAII 2013,0.0,0.0,8901.0,838.0,0.0,585.0,30848.0,388.0
HAWAII,2014,HAWAII 2014,0.0,0.0,8816.0,847.0,0.0,559.0,31407.0,392.0
HAWAII,2015,HAWAII 2015,0.0,2.0,9012.0,505.0,0.0,562.0,31571.0,14.0
HAWAII,2016,HAWAII 2016,0.0,0.0,8911.0,691.0,0.0,560.0,32506.0,10.0
HAWAII,2017,HAWAII 2017,0.0,1.0,8972.0,580.0,0.0,558.0,34020.0,32.0
HAWAII,2018,HAWAII 2018,0.0,0.0,9249.0,455.0,0.0,568.0,34237.0,23.0
HAWAII,2019,HAWAII 2019,0.0,0.0,9416.0,495.0,0.0,548.0,34545.0,23.0
IDAHO,2006,IDAHO 2006,23.0,2167.0,27492.0,3435.0,18.0,23494.0,125190.0,7201.0
IDAHO,2007,IDAHO 2007,103.0,1435.0,28454.0,3359.0,12.0,23977.0,129055.0,7959.0
IDAHO,2008,IDAHO 2008,0.0,1317.0,29138.0,3695.0,7.0,28197.0,135832.0,8907.0
IDAHO,2009,IDAHO 2009,0.0,988.0,29185.0,4086.0,10.0,26127.0,127606.0,3861.0
IDAHO,2010,IDAHO 2010,0.0,905.0,27763.0,3917.0,9.0,24496.0,120873.0,4141.0
IDAHO,2011,IDAHO 2011,0.0,1051.0,28626.0,3991.0,6.0,27137.0,125277.0,4017.0
IDAHO,2012,IDAHO 2012,0.0,821.0,27840.0,3205.0,3.0,24296.0,116608.0,3356.0
IDAHO,2013,IDAHO 2013,0.0,755.0,29409.0,4852.0,2.0,28067.0,127028.0,4380.0
IDAHO,2014,IDAHO 2014,0.0,730.0,27756.0,3537.0,1.0,25056.0,119891.0,4432.0
IDAHO,2015,IDAHO 2015,0.0,713.0,27483.0,3063.0,1.0,24329.0,122911.0,12015.0
IDAHO,2016,IDAHO 2016,0.0,739.0,27883.0,3219.0,1.0,26004.0,122926.0,11178.0
IDAHO,2017,IDAHO 2017,0.0,651.0,29780.0,4201.0,1.0,30119.0,134376.0,12639.0
IDAHO,2018,IDAHO 2018,0.0,510.0,28755.0,3848.0,3.0,28607.0,129754.0,14144.0
IDAHO,2019,IDAHO 2019,0.0,392.0,29674.0,5317.0,12.0,31834.0,136900.0,15796.0
ILLINOIS,2006,ILLINOIS 2006,276.0,1043.0,158254.0,18045.0,383.0,404471.0,948520.0,5609.0
ILLINOIS,2007,ILLINOIS 2007,370.0,895.0,163900.0,20472.0,295.0,439314.0,1002463.0,6200.0
ILLINOIS,2008,ILLINOIS 2008,0.0,1173.0,159615.0,27646.0,134.0,472366.0,1028137.0,6938.0
ILLINOIS,2009,ILLINOIS 2009,0.0,674.0,151235.0,25078.0,179.0,445693.0,975665.0,14002.0
ILLINOIS,2010,ILLINOIS 2010,0.0,675.0,165765.0,25390.0,193.0,419761.0,996827.0,15017.0
ILLINOIS,2011,ILLINOIS 2011,0.0,635.0,160558.0,22357.0,136.0,422588.0,979617.0,14565.0
ILLINOIS,2012,ILLINOIS 2012,0.0,378.0,160029.0,18429.0,40.0,364839.0,914300.0,12171.0
ILLINOIS,2013,ILLINOIS 2013,0.0,444.0,158222.0,25409.0,57.0,459893.0,1010009.0,15882.0
ILLINOIS,2014,ILLINOIS 2014,0.0,488.0,156984.0,20909.0,94.0,490661.0,1031195.0,16073.0
ILLINOIS,2015,ILLINOIS 2015,0.0,411.0,152331.0,19242.0,63.0,412894.0,924263.0,5900.0
ILLINOIS,2016,ILLINOIS 2016,0.0,426.0,156918.0,18300.0,100.0,399189.0,924167.0,5245.0
ILLINOIS,2017,ILLINOIS 2017,0.0,424.0,149164.0,18122.0,63.0,388810.0,891592.0,4577.0
ILLINOIS,2018,ILLINOIS 2018,0.0,490.0,161135.0,22286.0,47.0,451040.0,990071.0,5898.0
ILLINOIS,2019,ILLINOIS 2019,0.0,372.0,154292.0,27805.0,81.0,452296.0,970625.0,6250.0
INDIANA,2006,INDIANA 2006,116.0,3558.0,110161.0,13180.0,985.0,129833.0,516999.0,11303.0
INDIANA,2007,INDIANA 2007,392.0,2758.0,118212.0,16605.0,732.0,145762.0,578370.0,12493.0
INDIANA,2008,INDIANA 2008,0.0,3413.0,115941.0,20158.0,400.0,154674.0,591028.0,13980.0
INDIANA,2009,INDIANA 2009,0.0,1756.0,111054.0,19216.0,733.0,141866.0,559092.0,12117.0
INDIANA,2010,INDIANA 2010,0.0,1494.0,119619.0,17305.0,596.0,140134.0,582485.0,12996.0
INDIANA,2011,INDIANA 2011,0.0,1598.0,115708.0,16631.0,363.0,133699.0,557600.0,12605.0
INDIANA,2012,INDIANA 2012,0.0,1372.0,112472.0,11899.0,104.0,116929.0,520078.0,10533.0
INDIANA,2013,INDIANA 2013,0.0,1226.0,113983.0,14078.0,131.0,146575.0,568875.0,13745.0
INDIANA,2014,INDIANA 2014,0.0,1191.0,114998.0,14261.0,234.0,159397.0,582543.0,13910.0
INDIANA,2015,INDIANA 2015,0.0,1235.0,110691.0,11647.0,162.0,136142.0,535027.0,12488.0
INDIANA,2016,INDIANA 2016,0.0,908.0,112685.0,11136.0,239.0,129516.0,525966.0,12066.0
INDIANA,2017,INDIANA 2017,0.0,944.0,107654.0,10762.0,112.0,128855.0,497742.0,10152.0
INDIANA,2018,INDIANA 2018,0.0,1151.0,117969.0,13521.0,103.0,150829.0,556670.0,13191.0
INDIANA,2019,INDIANA 2019,0.0,1280.0,113446.0,14382.0,147.0,150165.0,536499.0,12928.0
IOWA,2006,IOWA 2006,639.0,1399.0,45531.0,16345.0,86.0,62628.0,230391.0,3837.0
IOWA,2007,IOWA 2007,755.0,1325.0,47974.0,16671.0,56.0,68443.0,243620.0,4241.0
IOWA,2008,IOWA 2008,0.0,1652.0,48018.0,21962.0,35.0,76201.0,255649.0,4746.0
IOWA,2009,IOWA 2009,0.0,1052.0,46824.0,21414.0,82.0,70599.0,246364.0,5534.0
IOWA,2010,IOWA 2010,0.0,1102.0,49661.0,17662.0,84.0,68775.0,248952.0,5935.0
IOWA,2011,IOWA 2011,0.0,1457.0,48883.0,17845.0,62.0,67696.0,246130.0,5756.0
IOWA,2012,IOWA 2012,0.0,739.0,47726.0,14326.0,10.0,56611.0,224008.0,4810.0
IOWA,2013,IOWA 2013,0.0,739.0,49903.0,17452.0,11.0,74635.0,253076.0,6277.0
IOWA,2014,IOWA 2014,0.0,775.0,49223.0,17799.0,22.0,79620.0,253915.0,6352.0
IOWA,2015,IOWA 2015,0.0,780.0,47039.0,15032.0,15.0,66042.0,226772.0,5155.0
IOWA,2016,IOWA 2016,0.0,623.0,48088.0,15397.0,32.0,64672.0,228013.0,4317.0
IOWA,2017,IOWA 2017,0.0,974.0,46819.0,14582.0,27.0,63711.0,220568.0,4196.0
IOWA,2018,IOWA 2018,0.0,912.0,50635.0,22644.0,14.0,75122.0,247219.0,5152.0
IOWA,2019,IOWA 2019,0.0,848.0,49456.0,25162.0,27.0,75888.0,248336.0,5585.0
KANSAS,2006,KANSAS 2006,0.0,17.0,46071.0,6262.0,26.0,58185.0,229154.0,3519.0
KANSAS,2007,KANSAS 2007,0.0,13.0,47108.0,8131.0,13.0,64215.0,235114.0,3889.0
KANSAS,2008,KANSAS 2008,0.0,21.0,46069.0,10539.0,8.0,72857.0,243850.0,4352.0
KANSAS,2009,KANSAS 2009,0.0,25.0,44865.0,9965.0,15.0,72465.0,239277.0,4516.0
KANSAS,2010,KANSAS 2010,0.0,15.0,48908.0,8940.0,14.0,68410.0,248133.0,4843.0
KANSAS,2011,KANSAS 2011,0.0,42.0,48941.0,8248.0,6.0,66820.0,245306.0,4697.0
KANSAS,2012,KANSAS 2012,0.0,45.0,47074.0,6684.0,2.0,51613.0,220969.0,3925.0
KANSAS,2013,KANSAS 2013,0.0,17.0,46379.0,7769.0,2.0,69254.0,235849.0,5122.0
KANSAS,2014,KANSAS 2014,0.0,6.0,46693.0,8660.0,5.0,72840.0,240294.0,5183.0
KANSAS,2015,KANSAS 2015,0.0,21.0,45181.0,8170.0,2.0,60399.0,221062.0,3834.0
KANSAS,2016,KANSAS 2016,0.0,8.0,46094.0,6406.0,53.0,55886.0,213358.0,3297.0
KANSAS,2017,KANSAS 2017,0.0,19.0,44402.0,6116.0,1.0,56299.0,205512.0,2925.0
KANSAS,2018,KANSAS 2018,0.0,9.0,48407.0,8421.0,3.0,69719.0,233852.0,4147.0
KANSAS,2019,KANSAS 2019,0.0,18.0,46508.0,9375.0,3.0,71071.0,228838.0,4078.0
KENTUCKY,2006,KENTUCKY 2006,279.0,1478.0,88538.0,7508.0,906.0,48756.0,371784.0,9018.0
KENTUCKY,2007,KENTUCKY 2007,322.0,1419.0,95549.0,8116.0,565.0,52926.0,394040.0,9967.0
KENTUCKY,2008,KENTUCKY 2008,0.0,1335.0,94040.0,9330.0,339.0,56975.0,393573.0,11153.0
KENTUCKY,2009,KENTUCKY 2009,0.0,1854.0,90625.0,9741.0,645.0,53712.0,383700.0,14017.0
KENTUCKY,2010,KENTUCKY 2010,0.0,650.0,99414.0,10177.0,630.0,56060.0,412687.0,15034.0
KENTUCKY,2011,KENTUCKY 2011,0.0,1560.0,92799.0,9068.0,531.0,52098.0,383276.0,14581.0
KENTUCKY,2012,KENTUCKY 2012,0.0,462.0,89042.0,6241.0,114.0,44413.0,361536.0,12185.0
KENTUCKY,2013,KENTUCKY 2013,0.0,611.0,91401.0,6956.0,117.0,55545.0,384758.0,15900.0
KENTUCKY,2014,KENTUCKY 2014,0.0,581.0,93488.0,8378.0,252.0,59110.0,393757.0,16091.0
KENTUCKY,2015,KENTUCKY 2015,0.0,639.0,89286.0,7984.0,150.0,50480.0,360090.0,8606.0
KENTUCKY,2016,KENTUCKY 2016,0.0,537.0,89867.0,5816.0,171.0,46828.0,354576.0,7503.0
KENTUCKY,2017,KENTUCKY 2017,0.0,526.0,84899.0,4474.0,86.0,45244.0,331939.0,7556.0
KENTUCKY,2018,KENTUCKY 2018,0.0,421.0,94556.0,5925.0,101.0,54099.0,369165.0,9280.0
KENTUCKY,2019,KENTUCKY 2019,0.0,501.0,90667.0,8194.0,148.0,51154.0,352177.0,10278.0
LOUISIANA,2006,LOUISIANA 2006,0.0,33.0,95921.0,3264.0,47.0,34709.0,269469.0,1317.0
LOUISIANA,2007,LOUISIANA 2007,0.0,30.0,98531.0,2054.0,34.0,38423.0,346312.0,1456.0
LOUISIANA,2008,LOUISIANA 2008,0.0,343.0,98431.0,2411.0,15.0,38554.0,346724.0,1629.0
LOUISIANA,2009,LOUISIANA 2009,0.0,147.0,101496.0,3140.0,12.0,37562.0,352891.0,2357.0
LOUISIANA,2010,LOUISIANA 2010,0.0,20.0,111501.0,2798.0,12.0,46617.0,385695.0,2528.0
LOUISIANA,2011,LOUISIANA 2011,0.0,5.0,109249.0,2671.0,5.0,40136.0,370693.0,2452.0
LOUISIANA,2012,LOUISIANA 2012,0.0,7.0,102451.0,1712.0,1.0,32286.0,338452.0,2049.0
LOUISIANA,2013,LOUISIANA 2013,0.0,12.0,104780.0,1779.0,2.0,39491.0,343054.0,2674.0
LOUISIANA,2014,LOUISIANA 2014,0.0,12.0,107139.0,2095.0,2.0,45679.0,348374.0,2706.0
LOUISIANA,2015,LOUISIANA 2015,0.0,37.0,107633.0,1785.0,2.0,37738.0,333488.0,753.0
LOUISIANA,2016,LOUISIANA 2016,0.0,38.0,104578.0,1679.0,1.0,32084.0,316701.0,511.0
LOUISIANA,2017,LOUISIANA 2017,0.0,44.0,100763.0,1699.0,2.0,29680.0,312444.0,418.0
LOUISIANA,2018,LOUISIANA 2018,0.0,8.0,109408.0,1748.0,4.0,38636.0,334767.0,574.0
LOUISIANA,2019,LOUISIANA 2019,0.0,30.0,105724.0,1933.0,2.0,36793.0,318333.0,568.0
MAINE,2006,MAINE 2006,6.0,43124.0,14846.0,3157.0,7887.0,1038.0,91984.0,5354.0
MAINE,2007,MAINE 2007,6.0,41952.0,15058.0,4421.0,5427.0,1253.0,97232.0,5918.0
MAINE,2008,MAINE 2008,0.0,34618.0,14847.0,5026.0,2384.0,1174.0,88142.0,6622.0
MAINE,2009,MAINE 2009,0.0,31205.0,14876.0,5225.0,3071.0,1341.0,90440.0,14290.0
MAINE,2010,MAINE 2010,0.0,26971.0,14917.0,6013.0,2978.0,1282.0,88685.0,15327.0
MAINE,2011,MAINE 2011,0.0,29244.0,14950.0,5223.0,2111.0,1467.0,87784.0,14866.0
MAINE,2012,MAINE 2012,0.0,24252.0,15288.0,4915.0,850.0,1530.0,81138.0,12422.0
MAINE,2013,MAINE 2013,0.0,25426.0,15908.0,5713.0,905.0,1947.0,85261.0,16209.0
MAINE,2014,MAINE 2014,0.0,25972.0,15902.0,6562.0,1415.0,2434.0,91333.0,16404.0
MAINE,2015,MAINE 2015,0.0,32314.0,15908.0,6454.0,1331.0,2782.0,107360.0,24515.0
MAINE,2016,MAINE 2016,0.0,30611.0,15647.0,6549.0,1899.0,2642.0,96504.0,16882.0
MAINE,2017,MAINE 2017,0.0,31488.0,15827.0,6561.0,1275.0,2847.0,99438.0,17020.0
MAINE,2018,MAINE 2018,0.0,32098.0,16623.0,7827.0,1077.0,3192.0,107232.0,20569.0
MAINE,2019,MAINE 2019,0.0,30281.0,16356.0,8124.0,1443.0,3250.0,106253.0,22120.0
MARYLAND,2006,MARYLAND 2006,94.0,19645.0,91801.0,5406.0,2477.0,73973.0,413143.0,4060.0
MARYLAND,2007,MARYLAND 2007,90.0,19382.0,96201.0,5985.0,1276.0,86557.0,435429.0,4488.0
MARYLAND,2008,MARYLAND 2008,0.0,18972.0,92616.0,7125.0,519.0,84053.0,424491.0,5022.0
MARYLAND,2009,MARYLAND 2009,0.0,19049.0,91935.0,7556.0,660.0,85667.0,425624.0,9983.0
MARYLAND,2010,MARYLAND 2010,0.0,19802.0,98723.0,7754.0,829.0,85993.0,451072.0,10706.0
MARYLAND,2011,MARYLAND 2011,0.0,15492.0,93133.0,7923.0,436.0,79993.0,418905.0,10384.0
MARYLAND,2012,MARYLAND 2012,0.0,13321.0,91026.0,5681.0,165.0,73004.0,399741.0,8678.0
MARYLAND,2013,MARYLAND 2013,0.0,15949.0,93654.0,6654.0,179.0,86953.0,428305.0,11323.0
MARYLAND,2014,MARYLAND 2014,0.0,18602.0,93788.0,8297.0,339.0,95387.0,439759.0,11459.0
MARYLAND,2015,MARYLAND 2015,0.0,19389.0,93500.0,7606.0,253.0,87475.0,424674.0,5790.0
MARYLAND,2016,MARYLAND 2016,0.0,11548.0,93205.0,6354.0,265.0,79917.0,407745.0,4728.0
MARYLAND,2017,MARYLAND 2017,0.0,10426.0,88999.0,6277.0,149.0,79376.0,386220.0,4744.0
MARYLAND,2018,MARYLAND 2018,0.0,14502.0,96008.0,7137.0,131.0,90221.0,415530.0,5879.0
MARYLAND,2019,MARYLAND 2019,0.0,10199.0,93945.0,7303.0,146.0,85554.0,393731.0,5507.0
MASSACHUSETTS,2006,MASSACHUSETTS 2006,36.0,90789.0,66959.0,6665.0,1350.0,104894.0,409880.0,3173.0
MASSACHUSETTS,2007,MASSACHUSETTS 2007,58.0,91860.0,68709.0,6891.0,916.0,116997.0,424374.0,3507.0
MASSACHUSETTS,2008,MASSACHUSETTS 2008,0.0,91281.0,67007.0,7375.0,356.0,134537.0,431545.0,3924.0
MASSACHUSETTS,2009,MASSACHUSETTS 2009,0.0,82474.0,66447.0,6893.0,563.0,136952.0,424479.0,10204.0
MASSACHUSETTS,2010,MASSACHUSETTS 2010,0.0,84276.0,73048.0,6470.0,569.0,129812.0,436772.0,10944.0
MASSACHUSETTS,2011,MASSACHUSETTS 2011,0.0,81990.0,69852.0,7641.0,349.0,132932.0,424840.0,10615.0
MASSACHUSETTS,2012,MASSACHUSETTS 2012,0.0,68752.0,69310.0,5978.0,165.0,119220.0,404710.0,8870.0
MASSACHUSETTS,2013,MASSACHUSETTS 2013,0.0,74087.0,70723.0,7160.0,170.0,120685.0,422121.0,11575.0
MASSACHUSETTS,2014,MASSACHUSETTS 2014,0.0,84050.0,68483.0,8130.0,297.0,129937.0,438254.0,11714.0
MASSACHUSETTS,2015,MASSACHUSETTS 2015,0.0,83347.0,68838.0,7602.0,251.0,130373.0,435995.0,10525.0
MASSACHUSETTS,2016,MASSACHUSETTS 2016,0.0,64658.0,67192.0,7551.0,296.0,115469.0,396565.0,8399.0
MASSACHUSETTS,2017,MASSACHUSETTS 2017,0.0,70691.0,65981.0,8136.0,206.0,124802.0,409449.0,8305.0
MASSACHUSETTS,2018,MASSACHUSETTS 2018,0.0,76683.0,69211.0,8643.0,200.0,134282.0,434024.0,8293.0
MASSACHUSETTS,2019,MASSACHUSETTS 2019,0.0,75793.0,65901.0,10349.0,241.0,139346.0,432949.0,10142.0
MICHIGAN,2006,MICHIGAN 2006,19.0,8725.0,118131.0,36426.0,866.0,321453.0,791638.0,22526.0
MICHIGAN,2007,MICHIGAN 2007,422.0,7932.0,120669.0,41927.0,541.0,335707.0,813578.0,24897.0
MICHIGAN,2008,MICHIGAN 2008,0.0,6980.0,117023.0,39237.0,278.0,350007.0,807710.0,27861.0
MICHIGAN,2009,MICHIGAN 2009,0.0,5249.0,112098.0,38121.0,403.0,334202.0,755420.0,18659.0
MICHIGAN,2010,MICHIGAN 2010,0.0,3889.0,118331.0,35102.0,361.0,309303.0,751519.0,20012.0
MICHIGAN,2011,MICHIGAN 2011,0.0,3868.0,118776.0,33289.0,264.0,322392.0,763365.0,19410.0
MICHIGAN,2012,MICHIGAN 2012,0.0,2648.0,117581.0,27103.0,87.0,281450.0,701252.0,16219.0
MICHIGAN,2013,MICHIGAN 2013,0.0,3231.0,116053.0,36867.0,128.0,341223.0,772246.0,21164.0
MICHIGAN,2014,MICHIGAN 2014,0.0,4039.0,114353.0,39531.0,199.0,361293.0,788441.0,21419.0
MICHIGAN,2015,MICHIGAN 2015,0.0,2947.0,113817.0,32965.0,162.0,322444.0,741963.0,37613.0
MICHIGAN,2016,MICHIGAN 2016,0.0,2652.0,117862.0,34706.0,164.0,306724.0,731441.0,30029.0
MICHIGAN,2017,MICHIGAN 2017,0.0,2495.0,112519.0,34882.0,68.0,312803.0,724515.0,29827.0
MICHIGAN,2018,MICHIGAN 2018,0.0,2755.0,119868.0,42671.0,67.0,342460.0,788230.0,36249.0
MICHIGAN,2019,MICHIGAN 2019,0.0,3070.0,114287.0,43330.0,109.0,351305.0,783997.0,37149.0
MINNESOTA,2006,MINNESOTA 2006,145.0,8945.0,74755.0,18798.0,103.0,119109.0,391244.0,9456.0
MINNESOTA,2007,MINNESOTA 2007,123.0,8932.0,77267.0,19631.0,63.0,131429.0,413803.0,10451.0
MINNESOTA,2008,MINNESOTA 2008,0.0,9888.0,76283.0,20385.0,45.0,142782.0,420462.0,11695.0
MINNESOTA,2009,MINNESOTA 2009,0.0,5881.0,75180.0,20651.0,102.0,137340.0,407148.0,14015.0
MINNESOTA,2010,MINNESOTA 2010,0.0,6750.0,76650.0,19428.0,113.0,124219.0,400267.0,15031.0
MINNESOTA,2011,MINNESOTA 2011,0.0,5697.0,76851.0,19493.0,73.0,126425.0,398746.0,14579.0
MINNESOTA,2012,MINNESOTA 2012,0.0,4732.0,75267.0,16933.0,31.0,111168.0,372940.0,12183.0
MINNESOTA,2013,MINNESOTA 2013,0.0,5569.0,77963.0,19728.0,51.0,143059.0,416410.0,15897.0
MINNESOTA,2014,MINNESOTA 2014,0.0,5166.0,77764.0,23479.0,70.0,151404.0,431646.0,16088.0
MINNESOTA,2015,MINNESOTA 2015,0.0,4435.0,74088.0,20422.0,48.0,122089.0,379916.0,17601.0
MINNESOTA,2016,MINNESOTA 2016,0.0,4556.0,74395.0,20280.0,73.0,121709.0,375714.0,14726.0
MINNESOTA,2017,MINNESOTA 2017,0.0,3613.0,73610.0,24956.0,51.0,127705.0,385787.0,13915.0
MINNESOTA,2018,MINNESOTA 2018,0.0,3969.0,77920.0,28094.0,53.0,147880.0,431970.0,18844.0
MINNESOTA,2019,MINNESOTA 2019,0.0,3225.0,76047.0,30922.0,80.0,151838.0,418227.0,20944.0
MISSISSIPPI,2006,MISSISSIPPI 2006,0.0,1.0,62358.0,6289.0,81.0,22005.0,230259.0,4290.0
MISSISSIPPI,2007,MISSISSIPPI 2007,0.0,2.0,63347.0,6321.0,73.0,22872.0,232324.0,4741.0
MISSISSIPPI,2008,MISSISSIPPI 2008,0.0,2.0,62418.0,7619.0,23.0,24497.0,228469.0,5306.0
MISSISSIPPI,2009,MISSISSIPPI 2009,0.0,1.0,61741.0,7865.0,75.0,23958.0,221214.0,5512.0
MISSISSIPPI,2010,MISSISSIPPI 2010,0.0,1.0,68837.0,7743.0,65.0,27683.0,240392.0,5912.0
MISSISSIPPI,2011,MISSISSIPPI 2011,0.0,1.0,65976.0,6679.0,33.0,24704.0,229193.0,5734.0
MISSISSIPPI,2012,MISSISSIPPI 2012,0.0,1.0,61391.0,4800.0,14.0,19876.0,194273.0,4791.0
MISSISSIPPI,2013,MISSISSIPPI 2013,0.0,1.0,62994.0,5578.0,16.0,25503.0,210980.0,6252.0
MISSISSIPPI,2014,MISSISSIPPI 2014,0.0,1.0,64562.0,6768.0,28.0,29052.0,217710.0,6327.0
MISSISSIPPI,2015,MISSISSIPPI 2015,0.0,1.0,63330.0,5447.0,11.0,23846.0,196603.0,1395.0
MISSISSIPPI,2016,MISSISSIPPI 2016,0.0,1.0,62982.0,5235.0,17.0,20734.0,187688.0,1271.0
MISSISSIPPI,2017,MISSISSIPPI 2017,0.0,1.0,59519.0,4819.0,5.0,19094.0,178249.0,792.0
MISSISSIPPI,2018,MISSISSIPPI 2018,0.0,0.0,65888.0,5540.0,8.0,25056.0,200961.0,1471.0
MISSISSIPPI,2019,MISSISSIPPI 2019,0.0,0.0,63865.0,5878.0,8.0,22736.0,195186.0,1573.0
MISSOURI,2006,MISSOURI 2006,452.0,876.0,115599.0,15449.0,377.0,97343.0,517972.0,16393.0
MISSOURI,2007,MISSOURI 2007,452.0,827.0,122397.0,17543.0,307.0,103577.0,535671.0,18119.0
MISSOURI,2008,MISSOURI 2008,0.0,593.0,120750.0,22679.0,128.0,114748.0,549275.0,20276.0
MISSOURI,2009,MISSOURI 2009,0.0,438.0,116761.0,19513.0,142.0,106904.0,528348.0,26123.0
MISSOURI,2010,MISSOURI 2010,0.0,367.0,127275.0,18676.0,179.0,107960.0,564089.0,28017.0
MISSOURI,2011,MISSOURI 2011,0.0,318.0,122632.0,16512.0,74.0,103380.0,540462.0,27174.0
MISSOURI,2012,MISSOURI 2012,0.0,270.0,117157.0,12726.0,22.0,83790.0,491678.0,22708.0
MISSOURI,2013,MISSOURI 2013,0.0,255.0,120506.0,15101.0,26.0,107949.0,536912.0,29631.0
MISSOURI,2014,MISSOURI 2014,0.0,239.0,122125.0,17048.0,43.0,117054.0,559922.0,29987.0
MISSOURI,2015,MISSOURI 2015,0.0,155.0,115707.0,14312.0,34.0,96343.0,497757.0,18079.0
MISSOURI,2016,MISSOURI 2016,0.0,113.0,117219.0,13903.0,62.0,89275.0,493172.0,15690.0
MISSOURI,2017,MISSOURI 2017,0.0,91.0,112770.0,12111.0,25.0,87347.0,470484.0,14392.0
MISSOURI,2018,MISSOURI 2018,0.0,129.0,127825.0,16521.0,28.0,116461.0,556516.0,19737.0
MISSOURI,2019,MISSOURI 2019,0.0,74.0,121779.0,19709.0,39.0,112843.0,530235.0,19484.0
MONTANA,2006,MONTANA 2006,228.0,1139.0,14992.0,6630.0,5.0,19781.0,83423.0,5350.0
MONTANA,2007,MONTANA 2007,3.0,1138.0,15496.0,7643.0,5.0,20049.0,85383.0,5914.0
MONTANA,2008,MONTANA 2008,0.0,1433.0,15932.0,8565.0,15.0,21930.0,90790.0,6618.0
MONTANA,2009,MONTANA 2009,0.0,665.0,16345.0,9072.0,1.0,22003.0,88272.0,3181.0
MONTANA,2010,MONTANA 2010,0.0,628.0,16182.0,7550.0,6.0,21124.0,84479.0,3411.0
MONTANA,2011,MONTANA 2011,0.0,572.0,16764.0,8025.0,4.0,22057.0,87059.0,3309.0
MONTANA,2012,MONTANA 2012,0.0,538.0,16304.0,6290.0,0.0,19546.0,80476.0,2765.0
MONTANA,2013,MONTANA 2013,0.0,459.0,16809.0,6168.0,1.0,21523.0,85097.0,3608.0
MONTANA,2014,MONTANA 2014,0.0,365.0,16955.0,6948.0,4.0,21922.0,87262.0,3651.0
MONTANA,2015,MONTANA 2015,0.0,404.0,16464.0,6997.0,0.0,19534.0,89193.0,10838.0
MONTANA,2016,MONTANA 2016,0.0,388.0,16557.0,6182.0,5.0,19749.0,88865.0,11119.0
MONTANA,2017,MONTANA 2017,0.0,382.0,17826.0,7241.0,0.0,22370.0,95522.0,10820.0
MONTANA,2018,MONTANA 2018,0.0,339.0,17735.0,6894.0,0.0,23593.0,100374.0,14437.0
MONTANA,2019,MONTANA 2019,0.0,368.0,18111.0,9538.0,0.0,25124.0,105697.0,14033.0
NEBRASKA,2006,NEBRASKA 2006,11.0,590.0,31709.0,6038.0,14.0,36342.0,153450.0,2019.0
NEBRASKA,2007,NEBRASKA 2007,12.0,304.0,33259.0,7029.0,35.0,39297.0,159682.0,2232.0
NEBRASKA,2008,NEBRASKA 2008,0.0,318.0,33286.0,9376.0,13.0,42833.0,165222.0,2497.0
NEBRASKA,2009,NEBRASKA 2009,0.0,205.0,32847.0,8297.0,15.0,40636.0,158712.0,2590.0
NEBRASKA,2010,NEBRASKA 2010,0.0,160.0,34484.0,8368.0,18.0,40293.0,163715.0,2778.0
NEBRASKA,2011,NEBRASKA 2011,0.0,138.0,33939.0,7825.0,3.0,40156.0,160922.0,2694.0
NEBRASKA,2012,NEBRASKA 2012,0.0,102.0,33029.0,5810.0,3.0,31876.0,147037.0,2252.0
NEBRASKA,2013,NEBRASKA 2013,0.0,114.0,34332.0,7143.0,3.0,42725.0,163557.0,2938.0
NEBRASKA,2014,NEBRASKA 2014,0.0,101.0,34216.0,6980.0,7.0,43923.0,163525.0,2973.0
NEBRASKA,2015,NEBRASKA 2015,0.0,83.0,32524.0,6256.0,3.0,36635.0,148592.0,2401.0
NEBRASKA,2016,NEBRASKA 2016,0.0,76.0,33227.0,5529.0,6.0,34992.0,148472.0,2240.0
NEBRASKA,2017,NEBRASKA 2017,0.0,84.0,32987.0,4569.0,2.0,36142.0,146173.0,1827.0
NEBRASKA,2018,NEBRASKA 2018,0.0,77.0,35526.0,6543.0,3.0,44923.0,167867.0,2803.0
NEBRASKA,2019,NEBRASKA 2019,0.0,70.0,35171.0,7815.0,4.0,44541.0,169241.0,3080.0
NEVADA,2006,NEVADA 2006,4.0,913.0,40869.0,1882.0,89.0,39356.0,167835.0,1728.0
NEVADA,2007,NEVADA 2007,0.0,850.0,42275.0,1854.0,96.0,39473.0,165984.0,1910.0
NEVADA,2008,NEVADA 2008,0.0,923.0,41150.0,2116.0,51.0,39956.0,161175.0,2137.0
NEVADA,2009,NEVADA 2009,0.0,678.0,40535.0,2594.0,141.0,39885.0,154557.0,1803.0
NEVADA,2010,NEVADA 2010,0.0,562.0,39629.0,2390.0,117.0,40845.0,154556.0,1933.0
NEVADA,2011,NEVADA 2011,0.0,428.0,39215.0,2469.0,15.0,41578.0,154767.0,1875.0
NEVADA,2012,NEVADA 2012,0.0,301.0,41363.0,1731.0,13.0,38411.0,152726.0,1567.0
NEVADA,2013,NEVADA 2013,0.0,167.0,41430.0,2499.0,4.0,43115.0,159646.0,2045.0
NEVADA,2014,NEVADA 2014,0.0,147.0,40659.0,1973.0,3.0,36304.0,151032.0,2069.0
NEVADA,2015,NEVADA 2015,0.0,188.0,42099.0,1985.0,1.0,38501.0,151763.0,1911.0
NEVADA,2016,NEVADA 2016,0.0,221.0,43305.0,2037.0,2.0,40678.0,158158.0,1815.0
NEVADA,2017,NEVADA 2017,0.0,241.0,44140.0,2199.0,2.0,42534.0,164779.0,1862.0
NEVADA,2018,NEVADA 2018,0.0,224.0,45891.0,1857.0,4.0,43354.0,171840.0,2744.0
NEVADA,2019,NEVADA 2019,0.0,266.0,43904.0,2006.0,4.0,49909.0,173543.0,2688.0
NEW HAMPSHIRE,2006,NEW HAMPSHIRE 2006,9.0,24589.0,15015.0,6517.0,2463.0,6846.0,88759.0,2946.0
NEW HAMPSHIRE,2007,NEW HAMPSHIRE 2007,9.0,23532.0,15330.0,8003.0,1687.0,7578.0,90060.0,3256.0
NEW HAMPSHIRE,2008,NEW HAMPSHIRE 2008,0.0,22857.0,14992.0,9357.0,794.0,7197.0,87643.0,3643.0
NEW HAMPSHIRE,2009,NEW HAMPSHIRE 2009,0.0,19589.0,15086.0,9807.0,1047.0,7459.0,90635.0,8256.0
NEW HAMPSHIRE,2010,NEW HAMPSHIRE 2010,0.0,17527.0,15304.0,8324.0,925.0,6955.0,88332.0,8855.0
NEW HAMPSHIRE,2011,NEW HAMPSHIRE 2011,0.0,18924.0,15197.0,8549.0,666.0,7213.0,87549.0,8589.0
NEW HAMPSHIRE,2012,NEW HAMPSHIRE 2012,0.0,13901.0,15147.0,8617.0,247.0,6629.0,81254.0,7177.0
NEW HAMPSHIRE,2013,NEW HAMPSHIRE 2013,0.0,17241.0,15538.0,9745.0,304.0,7404.0,91993.0,9365.0
NEW HAMPSHIRE,2014,NEW HAMPSHIRE 2014,0.0,20046.0,15390.0,12661.0,438.0,7994.0,97606.0,9478.0
NEW HAMPSHIRE,2015,NEW HAMPSHIRE 2015,0.0,21046.0,15446.0,11511.0,371.0,8077.0,101092.0,13918.0
NEW HAMPSHIRE,2016,NEW HAMPSHIRE 2016,0.0,20185.0,15144.0,10085.0,585.0,7068.0,94267.0,10171.0
NEW HAMPSHIRE,2017,NEW HAMPSHIRE 2017,0.0,23734.0,15154.0,9603.0,433.0,7556.0,99771.0,11203.0
NEW HAMPSHIRE,2018,NEW HAMPSHIRE 2018,0.0,25471.0,15835.0,10780.0,436.0,8391.0,107183.0,12648.0
NEW HAMPSHIRE,2019,NEW HAMPSHIRE 2019,0.0,24547.0,15377.0,10712.0,570.0,8291.0,105115.0,13486.0
NEW JERSEY,2006,NEW JERSEY 2006,5.0,41080.0,97657.0,3980.0,658.0,204354.0,577510.0,1254.0
NEW JERSEY,2007,NEW JERSEY 2007,6.0,43538.0,101513.0,5656.0,409.0,236069.0,619069.0,1386.0
NEW JERSEY,2008,NEW JERSEY 2008,0.0,46076.0,99327.0,6038.0,309.0,227801.0,603310.0,1551.0
NEW JERSEY,2009,NEW JERSEY 2009,0.0,38354.0,94966.0,5925.0,202.0,232559.0,590427.0,10964.0
NEW JERSEY,2010,NEW JERSEY 2010,0.0,31454.0,103408.0,5719.0,204.0,224850.0,597861.0,11759.0
NEW JERSEY,2011,NEW JERSEY 2011,0.0,26516.0,100309.0,5727.0,145.0,219187.0,575584.0,11405.0
NEW JERSEY,2012,NEW JERSEY 2012,0.0,24235.0,97798.0,4033.0,60.0,196706.0,539255.0,9531.0
NEW JERSEY,2013,NEW JERSEY 2013,0.0,25447.0,97394.0,4405.0,64.0,236942.0,582369.0,12436.0
NEW JERSEY,2014,NEW JERSEY 2014,0.0,28599.0,95169.0,5198.0,95.0,258878.0,595380.0,12586.0
NEW JERSEY,2015,NEW JERSEY 2015,0.0,28328.0,99433.0,4341.0,56.0,248407.0,581660.0,3215.0
NEW JERSEY,2016,NEW JERSEY 2016,0.0,18748.0,99258.0,3982.0,55.0,224984.0,538870.0,2729.0
NEW JERSEY,2017,NEW JERSEY 2017,0.0,18726.0,94724.0,4303.0,29.0,230803.0,536022.0,2380.0
NEW JERSEY,2018,NEW JERSEY 2018,0.0,24777.0,100759.0,4925.0,28.0,257503.0,586180.0,2989.0
NEW JERSEY,2019,NEW JERSEY 2019,0.0,24086.0,97626.0,4808.0,32.0,248751.0,563131.0,2664.0
NEW MEXICO,2006,NEW MEXICO 2006,7.0,18.0,20504.0,7794.0,23.0,31086.0,113558.0,7986.0
NEW MEXICO,2007,NEW MEXICO 2007,7.0,21.0,21794.0,6616.0,15.0,34346.0,119914.0,8826.0
NEW MEXICO,2008,NEW MEXICO 2008,0.0,13.0,21765.0,6944.0,6.0,34947.0,119981.0,9877.0
NEW MEXICO,2009,NEW MEXICO 2009,0.0,8.0,22191.0,6966.0,5.0,33319.0,115246.0,6906.0
NEW MEXICO,2010,NEW MEXICO 2010,0.0,7.0,23039.0,6274.0,3.0,35982.0,120211.0,7407.0
NEW MEXICO,2011,NEW MEXICO 2011,0.0,5.0,23453.0,5681.0,2.0,35060.0,120598.0,7184.0
NEW MEXICO,2012,NEW MEXICO 2012,0.0,4.0,23078.0,4878.0,0.0,33247.0,115608.0,6003.0
NEW MEXICO,2013,NEW MEXICO 2013,0.0,10.0,23215.0,5746.0,0.0,37122.0,122811.0,7833.0
NEW MEXICO,2014,NEW MEXICO 2014,0.0,7.0,22560.0,4895.0,1.0,33484.0,116568.0,7927.0
NEW MEXICO,2015,NEW MEXICO 2015,0.0,9.0,22662.0,4365.0,0.0,34402.0,117554.0,8806.0
NEW MEXICO,2016,NEW MEXICO 2016,0.0,6.0,22664.0,4831.0,0.0,34005.0,117677.0,9035.0
NEW MEXICO,2017,NEW MEXICO 2017,0.0,4.0,22168.0,4020.0,0.0,31221.0,111913.0,7847.0
NEW MEXICO,2018,NEW MEXICO 2018,0.0,4.0,23292.0,4438.0,0.0,35637.0,120248.0,11019.0
NEW MEXICO,2019,NEW MEXICO 2019,0.0,11.0,23446.0,4804.0,0.0,43714.0,132449.0,13060.0
NEW YORK,2006,NEW YORK 2006,313.0,155503.0,165232.0,15958.0,10225.0,364281.0,1110969.0,44668.0
NEW YORK,2007,NEW YORK 2007,330.0,174107.0,171424.0,18326.0,7471.0,409857.0,1181763.0,49369.0
NEW YORK,2008,NEW YORK 2008,0.0,162643.0,167304.0,22605.0,3745.0,402734.0,1151130.0,55247.0
NEW YORK,2009,NEW YORK 2009,0.0,119904.0,164615.0,22815.0,5516.0,413629.0,1077880.0,19343.0
NEW YORK,2010,NEW YORK 2010,0.0,114236.0,173827.0,22205.0,5663.0,399660.0,1090036.0,20746.0
NEW YORK,2011,NEW YORK 2011,0.0,106482.0,174830.0,19767.0,4117.0,404324.0,1070428.0,20121.0
NEW YORK,2012,NEW YORK 2012,0.0,126543.0,172959.0,16826.0,2072.0,369245.0,1018476.0,16814.0
NEW YORK,2013,NEW YORK 2013,0.0,104880.0,173252.0,19400.0,2236.0,430809.0,1068620.0,21940.0
NEW YORK,2014,NEW YORK 2014,0.0,113428.0,170514.0,24824.0,3808.0,473621.0,1120651.0,22204.0
NEW YORK,2015,NEW YORK 2015,0.0,121811.0,174055.0,22466.0,2597.0,466993.0,1136627.0,36979.0
NEW YORK,2016,NEW YORK 2016,0.0,89296.0,173436.0,21238.0,3415.0,425563.0,1053881.0,29581.0
NEW YORK,2017,NEW YORK 2017,0.0,83584.0,167464.0,21885.0,2280.0,446633.0,1054577.0,28577.0
NEW YORK,2018,NEW YORK 2018,0.0,107668.0,177947.0,27265.0,2132.0,501614.0,1174528.0,34783.0
NEW YORK,2019,NEW YORK 2019,0.0,105675.0,171081.0,28275.0,3266.0,488901.0,1138582.0,35447.0
NORTH CAROLINA,2006,NORTH CAROLINA 2006,263.0,11781.0,180329.0,18960.0,6773.0,58471.0,694427.0,13654.0
NORTH CAROLINA,2007,NORTH CAROLINA 2007,114.0,11407.0,191398.0,18419.0,4815.0,60316.0,729378.0,15092.0
NORTH CAROLINA,2008,NORTH CAROLINA 2008,0.0,10536.0,190223.0,24214.0,2468.0,65810.0,738227.0,16888.0
NORTH CAROLINA,2009,NORTH CAROLINA 2009,0.0,7343.0,192134.0,23207.0,2176.0,67349.0,735649.0,16820.0
NORTH CAROLINA,2010,NORTH CAROLINA 2010,0.0,8222.0,212090.0,24476.0,3132.0,75829.0,809923.0,18040.0
NORTH CAROLINA,2011,NORTH CAROLINA 2011,0.0,5947.0,198087.0,20440.0,1531.0,62479.0,737732.0,17497.0
NORTH CAROLINA,2012,NORTH CAROLINA 2012,0.0,4594.0,186539.0,14762.0,599.0,57319.0,675461.0,14621.0
NORTH CAROLINA,2013,NORTH CAROLINA 2013,0.0,4939.0,191929.0,16176.0,597.0,70640.0,689713.0,19079.0
NORTH CAROLINA,2014,NORTH CAROLINA 2014,0.0,4870.0,200114.0,18800.0,964.0,77048.0,721520.0,19308.0
NORTH CAROLINA,2015,NORTH CAROLINA 2015,0.0,9052.0,197560.0,17309.0,850.0,66792.0,689950.0,10164.0
NORTH CAROLINA,2016,NORTH CAROLINA 2016,0.0,7502.0,199455.0,14836.0,1239.0,66775.0,689239.0,8574.0
NORTH CAROLINA,2017,NORTH CAROLINA 2017,0.0,4038.0,191529.0,14227.0,675.0,62080.0,649324.0,7517.0
NORTH CAROLINA,2018,NORTH CAROLINA 2018,0.0,4379.0,210256.0,18709.0,708.0,75414.0,725450.0,10162.0
NORTH CAROLINA,2019,NORTH CAROLINA 2019,0.0,4053.0,204218.0,17644.0,846.0,70083.0,696311.0,8879.0
NORTH DAKOTA,2006,NORTH DAKOTA 2006,167.0,2679.0,13147.0,5326.0,17.0,10069.0,60253.0,321.0
NORTH DAKOTA,2007,NORTH DAKOTA 2007,417.0,2716.0,13878.0,5407.0,13.0,11190.0,64115.0,355.0
NORTH DAKOTA,2008,NORTH DAKOTA 2008,0.0,3874.0,14532.0,6344.0,7.0,11983.0,69389.0,398.0
NORTH DAKOTA,2009,NORTH DAKOTA 2009,0.0,1845.0,15181.0,6081.0,15.0,12151.0,68578.0,461.0
NORTH DAKOTA,2010,NORTH DAKOTA 2010,0.0,1473.0,14988.0,5794.0,17.0,11115.0,65622.0,494.0
NORTH DAKOTA,2011,NORTH DAKOTA 2011,0.0,1114.0,15532.0,6358.0,9.0,11735.0,68235.0,479.0
NORTH DAKOTA,2012,NORTH DAKOTA 2012,0.0,806.0,15302.0,5130.0,3.0,10218.0,64157.0,400.0
NORTH DAKOTA,2013,NORTH DAKOTA 2013,0.0,987.0,17193.0,5739.0,5.0,12917.0,73556.0,522.0
NORTH DAKOTA,2014,NORTH DAKOTA 2014,0.0,891.0,18280.0,6437.0,7.0,13574.0,78388.0,529.0
NORTH DAKOTA,2015,NORTH DAKOTA 2015,0.0,742.0,16591.0,5464.0,4.0,11467.0,69941.0,520.0
NORTH DAKOTA,2016,NORTH DAKOTA 2016,0.0,759.0,16177.0,5193.0,16.0,10941.0,67833.0,639.0
NORTH DAKOTA,2017,NORTH DAKOTA 2017,0.0,786.0,16542.0,5192.0,6.0,11925.0,69098.0,583.0
NORTH DAKOTA,2018,NORTH DAKOTA 2018,0.0,741.0,17514.0,6362.0,5.0,13710.0,75629.0,573.0
NORTH DAKOTA,2019,NORTH DAKOTA 2019,0.0,818.0,17488.0,8217.0,7.0,14481.0,78903.0,576.0
OHIO,2006,OHIO 2006,238.0,12749.0,175292.0,17748.0,2065.0,282950.0,910059.0,18579.0
OHIO,2007,OHIO 2007,341.0,14543.0,185530.0,19344.0,1378.0,310730.0,968987.0,20534.0
OHIO,2008,OHIO 2008,0.0,13291.0,182237.0,20342.0,686.0,318851.0,966677.0,22979.0
OHIO,2009,OHIO 2009,0.0,10387.0,175394.0,22773.0,1177.0,304547.0,931150.0,21230.0
OHIO,2010,OHIO 2010,0.0,9616.0,185867.0,20117.0,975.0,293468.0,955534.0,22770.0
OHIO,2011,OHIO 2011,0.0,9019.0,183180.0,19536.0,671.0,295097.0,939265.0,22085.0
OHIO,2012,OHIO 2012,0.0,7387.0,178406.0,15161.0,256.0,259358.0,862710.0,18455.0
OHIO,2013,OHIO 2013,0.0,7551.0,177963.0,16739.0,249.0,308500.0,912128.0,24081.0
OHIO,2014,OHIO 2014,0.0,8080.0,180168.0,18258.0,536.0,339908.0,950116.0,24371.0
OHIO,2015,OHIO 2015,0.0,8181.0,175694.0,16563.0,334.0,305352.0,894252.0,21583.0
OHIO,2016,OHIO 2016,0.0,7307.0,179212.0,16879.0,421.0,274895.0,871889.0,18870.0
OHIO,2017,OHIO 2017,0.0,7714.0,169902.0,17187.0,248.0,277612.0,838537.0,18005.0
OHIO,2018,OHIO 2018,0.0,8611.0,185789.0,18907.0,269.0,321297.0,924136.0,21580.0
OHIO,2019,OHIO 2019,0.0,8304.0,178195.0,21522.0,284.0,309460.0,875824.0,21259.0
OKLAHOMA,2006,OKLAHOMA 2006,6.0,6.0,74008.0,7572.0,49.0,54493.0,293840.0,2815.0
OKLAHOMA,2007,OKLAHOMA 2007,0.0,174.0,72882.0,9472.0,46.0,61616.0,298363.0,3111.0
OKLAHOMA,2008,OKLAHOMA 2008,0.0,6.0,74590.0,8187.0,16.0,68531.0,306193.0,3482.0
OKLAHOMA,2009,OKLAHOMA 2009,0.0,17.0,73839.0,7669.0,25.0,64331.0,298584.0,5503.0
OKLAHOMA,2010,OKLAHOMA 2010,0.0,15.0,80826.0,8219.0,27.0,67438.0,327772.0,5902.0
OKLAHOMA,2011,OKLAHOMA 2011,0.0,74.0,83338.0,7105.0,18.0,63194.0,324911.0,5724.0
OKLAHOMA,2012,OKLAHOMA 2012,0.0,42.0,77827.0,5682.0,5.0,50645.0,290215.0,4783.0
OKLAHOMA,2013,OKLAHOMA 2013,0.0,37.0,79158.0,7474.0,6.0,68448.0,322711.0,6242.0
OKLAHOMA,2014,OKLAHOMA 2014,0.0,21.0,79674.0,7460.0,9.0,71692.0,325274.0,6317.0
OKLAHOMA,2015,OKLAHOMA 2015,0.0,6.0,77165.0,6949.0,3.0,62142.0,293942.0,3961.0
OKLAHOMA,2016,OKLAHOMA 2016,0.0,24.0,77759.0,6414.0,3.0,53010.0,283354.0,3035.0
OKLAHOMA,2017,OKLAHOMA 2017,0.0,9.0,74510.0,6989.0,8.0,53248.0,273807.0,2589.0
OKLAHOMA,2018,OKLAHOMA 2018,0.0,12.0,82287.0,7907.0,2.0,69555.0,307227.0,4187.0
OKLAHOMA,2019,OKLAHOMA 2019,0.0,16.0,81226.0,8375.0,2.0,70037.0,298943.0,4325.0
OREGON,2006,OREGON 2006,0.0,3767.0,64751.0,2017.0,292.0,42512.0,253964.0,8785.0
OREGON,2007,OREGON 2007,0.0,3227.0,66106.0,1940.0,44.0,44289.0,251259.0,9710.0
OREGON,2008,OREGON 2008,0.0,3847.0,67932.0,2473.0,60.0,46175.0,258375.0,10866.0
OREGON,2009,OREGON 2009,0.0,3150.0,67572.0,2976.0,344.0,45964.0,260038.0,15912.0
OREGON,2010,OREGON 2010,0.0,2475.0,64278.0,2392.0,340.0,41143.0,245690.0,17066.0
OREGON,2011,OREGON 2011,0.0,2335.0,66292.0,2425.0,355.0,47640.0,263871.0,16553.0
OREGON,2012,OREGON 2012,0.0,2125.0,64332.0,1843.0,175.0,44304.0,245448.0,13832.0
OREGON,2013,OREGON 2013,0.0,2047.0,65949.0,2292.0,134.0,46657.0,256170.0,18049.0
OREGON,2014,OREGON 2014,0.0,1686.0,63523.0,2570.0,155.0,42358.0,245659.0,18266.0
OREGON,2015,OREGON 2015,0.0,1692.0,62334.0,1929.0,125.0,39040.0,231716.0,20627.0
OREGON,2016,OREGON 2016,0.0,1771.0,63372.0,1881.0,240.0,42202.0,240102.0,20896.0
OREGON,2017,OREGON 2017,0.0,1958.0,68465.0,2217.0,145.0,51190.0,263931.0,22238.0
OREGON,2018,OREGON 2018,0.0,1488.0,64591.0,2854.0,119.0,45524.0,247297.0,24165.0
OREGON,2019,OREGON 2019,0.0,1314.0,65804.0,3296.0,150.0,50478.0,255441.0,26998.0
PENNSYLVANIA,2006,PENNSYLVANIA 2006,1411.0,98083.0,176708.0,14969.0,8050.0,213774.0,914636.0,13680.0
PENNSYLVANIA,2007,PENNSYLVANIA 2007,1801.0,99131.0,186250.0,17318.0,5360.0,240231.0,965032.0,15120.0
PENNSYLVANIA,2008,PENNSYLVANIA 2008,0.0,153354.0,184452.0,19899.0,2791.0,238193.0,1015088.0,16920.0
PENNSYLVANIA,2009,PENNSYLVANIA 2009,0.0,76863.0,180515.0,21575.0,3887.0,236782.0,921633.0,24104.0
PENNSYLVANIA,2010,PENNSYLVANIA 2010,0.0,85432.0,188523.0,20812.0,4211.0,231854.0,947356.0,25852.0
PENNSYLVANIA,2011,PENNSYLVANIA 2011,0.0,80568.0,186963.0,19531.0,2572.0,228119.0,925964.0,25074.0
PENNSYLVANIA,2012,PENNSYLVANIA 2012,0.0,70781.0,180413.0,16645.0,1076.0,205991.0,864235.0,20953.0
PENNSYLVANIA,2013,PENNSYLVANIA 2013,0.0,79295.0,185107.0,18686.0,1152.0,243491.0,932734.0,27341.0
PENNSYLVANIA,2014,PENNSYLVANIA 2014,0.0,91046.0,184914.0,19958.0,2030.0,267748.0,970346.0,27670.0
PENNSYLVANIA,2015,PENNSYLVANIA 2015,0.0,86789.0,185676.0,18230.0,1350.0,247059.0,947986.0,34969.0
PENNSYLVANIA,2016,PENNSYLVANIA 2016,0.0,73049.0,183829.0,16909.0,1513.0,224764.0,897102.0,28376.0
PENNSYLVANIA,2017,PENNSYLVANIA 2017,0.0,71250.0,176484.0,17668.0,921.0,228190.0,870323.0,27880.0
PENNSYLVANIA,2018,PENNSYLVANIA 2018,0.0,86087.0,190719.0,20768.0,930.0,262667.0,965806.0,35323.0
PENNSYLVANIA,2019,PENNSYLVANIA 2019,0.0,66666.0,185600.0,23752.0,1056.0,245942.0,891688.0,33458.0
RHODE ISLAND,2006,RHODE ISLAND 2006,4.0,16655.0,10265.0,687.0,224.0,17158.0,63159.0,536.0
RHODE ISLAND,2007,RHODE ISLAND 2007,4.0,17138.0,10686.0,803.0,91.0,18142.0,63969.0,593.0
RHODE ISLAND,2008,RHODE ISLAND 2008,0.0,16461.0,10382.0,864.0,60.0,18122.0,60968.0,663.0
RHODE ISLAND,2009,RHODE ISLAND 2009,0.0,17591.0,10020.0,846.0,135.0,18343.0,61306.0,1399.0
RHODE ISLAND,2010,RHODE ISLAND 2010,0.0,16921.0,10638.0,726.0,101.0,17332.0,62062.0,1501.0
RHODE ISLAND,2011,RHODE ISLAND 2011,0.0,15568.0,10678.0,804.0,74.0,17267.0,59994.0,1456.0
RHODE ISLAND,2012,RHODE ISLAND 2012,0.0,15332.0,10650.0,720.0,35.0,16364.0,59656.0,1216.0
RHODE ISLAND,2013,RHODE ISLAND 2013,0.0,16229.0,10798.0,801.0,37.0,18789.0,65695.0,1587.0
RHODE ISLAND,2014,RHODE ISLAND 2014,0.0,15810.0,10476.0,1135.0,48.0,20287.0,65952.0,1606.0
RHODE ISLAND,2015,RHODE ISLAND 2015,0.0,17271.0,10698.0,1061.0,29.0,20606.0,68000.0,1832.0
RHODE ISLAND,2016,RHODE ISLAND 2016,0.0,10893.0,10514.0,1182.0,29.0,17732.0,58108.0,1396.0
RHODE ISLAND,2017,RHODE ISLAND 2017,0.0,10336.0,10332.0,1216.0,16.0,18983.0,56505.0,1344.0
RHODE ISLAND,2018,RHODE ISLAND 2018,0.0,14411.0,10660.0,1845.0,19.0,21136.0,64464.0,1248.0
RHODE ISLAND,2019,RHODE ISLAND 2019,0.0,11827.0,10178.0,1621.0,19.0,20479.0,60993.0,1744.0
SOUTH CAROLINA,2006,SOUTH CAROLINA 2006,193.0,1225.0,97375.0,5116.0,2050.0,25870.0,355263.0,3404.0
SOUTH CAROLINA,2007,SOUTH CAROLINA 2007,0.0,992.0,100890.0,5135.0,1087.0,26075.0,362460.0,3762.0
SOUTH CAROLINA,2008,SOUTH CAROLINA 2008,0.0,885.0,101429.0,5770.0,451.0,28002.0,367671.0,4210.0
SOUTH CAROLINA,2009,SOUTH CAROLINA 2009,0.0,910.0,100846.0,5472.0,449.0,28011.0,360640.0,3916.0
SOUTH CAROLINA,2010,SOUTH CAROLINA 2010,0.0,859.0,112091.0,6204.0,698.0,33165.0,403418.0,4200.0
SOUTH CAROLINA,2011,SOUTH CAROLINA 2011,0.0,639.0,105096.0,4946.0,309.0,27428.0,370071.0,4074.0
SOUTH CAROLINA,2012,SOUTH CAROLINA 2012,0.0,623.0,96786.0,3649.0,114.0,23280.0,339964.0,3404.0
SOUTH CAROLINA,2013,SOUTH CAROLINA 2013,0.0,444.0,98308.0,4081.0,131.0,29158.0,351342.0,4442.0
SOUTH CAROLINA,2014,SOUTH CAROLINA 2014,0.0,239.0,104803.0,4817.0,224.0,32652.0,376892.0,4495.0
SOUTH CAROLINA,2015,SOUTH CAROLINA 2015,0.0,512.0,102562.0,3972.0,162.0,29277.0,364063.0,1850.0
SOUTH CAROLINA,2016,SOUTH CAROLINA 2016,0.0,488.0,104460.0,3805.0,196.0,28430.0,368439.0,1599.0
SOUTH CAROLINA,2017,SOUTH CAROLINA 2017,0.0,462.0,99716.0,4065.0,91.0,26363.0,351864.0,1302.0
SOUTH CAROLINA,2018,SOUTH CAROLINA 2018,0.0,436.0,108680.0,4485.0,153.0,32821.0,379768.0,1732.0
SOUTH CAROLINA,2019,SOUTH CAROLINA 2019,0.0,424.0,106318.0,3918.0,131.0,29663.0,365358.0,1636.0
SOUTH DAKOTA,2006,SOUTH DAKOTA 2006,2.0,1273.0,13822.0,4365.0,13.0,11546.0,65350.0,1028.0
SOUTH DAKOTA,2007,SOUTH DAKOTA 2007,2.0,1022.0,14537.0,4891.0,9.0,12432.0,68100.0,1137.0
SOUTH DAKOTA,2008,SOUTH DAKOTA 2008,0.0,1261.0,15032.0,6546.0,7.0,13605.0,72709.0,1272.0
SOUTH DAKOTA,2009,SOUTH DAKOTA 2009,0.0,727.0,15393.0,6025.0,7.0,13624.0,72356.0,1670.0
SOUTH DAKOTA,2010,SOUTH DAKOTA 2010,0.0,735.0,15791.0,5043.0,9.0,12878.0,71663.0,1791.0
SOUTH DAKOTA,2011,SOUTH DAKOTA 2011,0.0,702.0,15853.0,4838.0,5.0,13027.0,71328.0,1737.0
SOUTH DAKOTA,2012,SOUTH DAKOTA 2012,0.0,628.0,15196.0,4031.0,2.0,10933.0,65285.0,1452.0
SOUTH DAKOTA,2013,SOUTH DAKOTA 2013,0.0,533.0,16460.0,4658.0,2.0,14352.0,73373.0,1894.0
SOUTH DAKOTA,2014,SOUTH DAKOTA 2014,0.0,492.0,16471.0,4439.0,3.0,14797.0,73281.0,1917.0
SOUTH DAKOTA,2015,SOUTH DAKOTA 2015,0.0,475.0,15597.0,3929.0,2.0,12383.0,66496.0,2020.0
SOUTH DAKOTA,2016,SOUTH DAKOTA 2016,0.0,422.0,15759.0,4289.0,42.0,12312.0,66478.0,1629.0
SOUTH DAKOTA,2017,SOUTH DAKOTA 2017,0.0,378.0,15876.0,4049.0,1.0,12808.0,66928.0,1537.0
SOUTH DAKOTA,2018,SOUTH DAKOTA 2018,0.0,656.0,17123.0,4752.0,2.0,15234.0,73446.0,2518.0
SOUTH DAKOTA,2019,SOUTH DAKOTA 2019,0.0,530.0,17255.0,5868.0,2.0,16048.0,74163.0,2169.0
TENNESSEE,2006,TENNESSEE 2006,91.0,621.0,139264.0,8696.0,1607.0,63356.0,542604.0,10189.0
TENNESSEE,2007,TENNESSEE 2007,174.0,735.0,146306.0,8799.0,1156.0,63069.0,565271.0,11262.0
TENNESSEE,2008,TENNESSEE 2008,0.0,924.0,143122.0,7817.0,394.0,71753.0,562751.0,12603.0
TENNESSEE,2009,TENNESSEE 2009,0.0,952.0,137418.0,9786.0,583.0,67961.0,534400.0,7665.0
TENNESSEE,2010,TENNESSEE 2010,0.0,885.0,154192.0,10822.0,725.0,76044.0,604615.0,8221.0
TENNESSEE,2011,TENNESSEE 2011,0.0,262.0,146948.0,7620.0,287.0,68196.0,562714.0,7973.0
TENNESSEE,2012,TENNESSEE 2012,0.0,238.0,135639.0,4424.0,98.0,54628.0,498076.0,6663.0
TENNESSEE,2013,TENNESSEE 2013,0.0,226.0,139571.0,5378.0,130.0,72595.0,531182.0,8694.0
TENNESSEE,2014,TENNESSEE 2014,0.0,223.0,145141.0,7217.0,221.0,80605.0,562116.0,8799.0
TENNESSEE,2015,TENNESSEE 2015,0.0,294.0,142169.0,6427.0,162.0,69704.0,535307.0,7666.0
TENNESSEE,2016,TENNESSEE 2016,0.0,196.0,142533.0,5776.0,248.0,61201.0,530408.0,6809.0
TENNESSEE,2017,TENNESSEE 2017,0.0,227.0,134066.0,5441.0,172.0,58910.0,496788.0,5414.0
TENNESSEE,2018,TENNESSEE 2018,0.0,195.0,151431.0,6632.0,169.0,77947.0,563044.0,7159.0
TENNESSEE,2019,TENNESSEE 2019,0.0,158.0,145260.0,7306.0,213.0,71609.0,524772.0,7490.0
TEXAS,2006,TEXAS 2006,0.0,2.0,432789.0,23257.0,40.0,170587.0,1461274.0,16233.0
TEXAS,2007,TEXAS 2007,0.0,2.0,426231.0,25399.0,54.0,205049.0,1548942.0,17942.0
TEXAS,2008,TEXAS 2008,0.0,2.0,437555.0,24057.0,46.0,197875.0,1583561.0,20078.0
TEXAS,2009,TEXAS 2009,0.0,10.0,442928.0,20585.0,17.0,196905.0,1589673.0,12211.0
TEXAS,2010,TEXAS 2010,0.0,4.0,467995.0,20501.0,28.0,233911.0,1686909.0,13097.0
TEXAS,2011,TEXAS 2011,0.0,18.0,496972.0,18387.0,16.0,205559.0,1745786.0,12703.0
TEXAS,2012,TEXAS 2012,0.0,14.0,468848.0,14675.0,4.0,174830.0,1600185.0,10615.0
TEXAS,2013,TEXAS 2013,0.0,2.0,478610.0,17513.0,7.0,212250.0,1683791.0,13851.0
TEXAS,2014,TEXAS 2014,0.0,8.0,480750.0,18546.0,9.0,242475.0,1709452.0,14018.0
TEXAS,2015,TEXAS 2015,0.0,9.0,496964.0,19076.0,7.0,218847.0,1689589.0,2836.0
TEXAS,2016,TEXAS 2016,0.0,6.0,498060.0,19585.0,7.0,180599.0,1659264.0,2066.0
TEXAS,2017,TEXAS 2017,0.0,6.0,492154.0,15960.0,4.0,168814.0,1640599.0,1609.0
TEXAS,2018,TEXAS 2018,0.0,6.0,536598.0,16682.0,3.0,233426.0,1779685.0,2606.0
TEXAS,2019,TEXAS 2019,0.0,6.0,530502.0,21603.0,2.0,234074.0,1767320.0,2684.0
UTAH,2006,UTAH 2006,75.0,168.0,28088.0,2475.0,9.0,63445.0,155495.0,1710.0
UTAH,2007,UTAH 2007,53.0,162.0,29860.0,2220.0,14.0,63944.0,157073.0,1890.0
UTAH,2008,UTAH 2008,0.0,99.0,29979.0,2559.0,5.0,70088.0,163033.0,2115.0
UTAH,2009,UTAH 2009,0.0,132.0,29771.0,2470.0,4.0,68221.0,161452.0,1043.0
UTAH,2010,UTAH 2010,0.0,116.0,30142.0,1697.0,3.0,69191.0,163999.0,1118.0
UTAH,2011,UTAH 2011,0.0,136.0,30526.0,2054.0,1.0,72827.0,169658.0,1085.0
UTAH,2012,UTAH 2012,0.0,149.0,31350.0,1598.0,1.0,62511.0,160868.0,906.0
UTAH,2013,UTAH 2013,0.0,105.0,32079.0,2100.0,1.0,73988.0,175123.0,1183.0
UTAH,2014,UTAH 2014,0.0,117.0,30585.0,1746.0,1.0,65270.0,159065.0,1197.0
UTAH,2015,UTAH 2015,0.0,128.0,31108.0,1516.0,1.0,61290.0,158733.0,3120.0
UTAH,2016,UTAH 2016,0.0,151.0,31973.0,1546.0,3.0,66810.0,166317.0,3221.0
UTAH,2017,UTAH 2017,0.0,130.0,32451.0,2488.0,1.0,69592.0,174695.0,3171.0
UTAH,2018,UTAH 2018,0.0,151.0,33146.0,2519.0,1.0,70265.0,177235.0,4177.0
UTAH,2019,UTAH 2019,0.0,136.0,33231.0,3054.0,1.0,79528.0,187767.0,4250.0
VERMONT,2006,VERMONT 2006,2.0,12299.0,7309.0,5201.0,2013.0,2877.0,45861.0,3473.0
VERMONT,2007,VERMONT 2007,3.0,12478.0,7403.0,4940.0,1404.0,3210.0,45451.0,3838.0
VERMONT,2008,VERMONT 2008,0.0,10805.0,7279.0,4960.0,616.0,3090.0,43101.0,4295.0
VERMONT,2009,VERMONT 2009,0.0,11681.0,7240.0,5998.0,953.0,3199.0,49573.0,8543.0
VERMONT,2010,VERMONT 2010,0.0,9673.0,7261.0,5919.0,850.0,3100.0,48032.0,9163.0
VERMONT,2011,VERMONT 2011,0.0,10209.0,7249.0,4951.0,590.0,3240.0,46988.0,8887.0
VERMONT,2012,VERMONT 2012,0.0,8238.0,7149.0,5026.0,288.0,3048.0,37058.0,7426.0
VERMONT,2013,VERMONT 2013,0.0,9346.0,7252.0,6022.0,286.0,3466.0,42169.0,9690.0
VERMONT,2014,VERMONT 2014,0.0,10185.0,7238.0,6378.0,449.0,3891.0,44370.0,9807.0
VERMONT,2015,VERMONT 2015,0.0,10862.0,7127.0,6180.0,368.0,3929.0,46200.0,14731.0
VERMONT,2016,VERMONT 2016,0.0,10005.0,7016.0,5557.0,488.0,3602.0,42387.0,12272.0
VERMONT,2017,VERMONT 2017,0.0,10271.0,6904.0,6427.0,342.0,3614.0,43223.0,12298.0
VERMONT,2018,VERMONT 2018,0.0,10544.0,7220.0,7101.0,330.0,4220.0,48682.0,15539.0
VERMONT,2019,VERMONT 2019,0.0,11496.0,7102.0,7063.0,378.0,4288.0,47847.0,14534.0
VIRGINIA,2006,VIRGINIA 2006,59.0,26254.0,146395.0,9797.0,6460.0,74224.0,621584.0,13487.0
VIRGINIA,2007,VIRGINIA 2007,206.0,25208.0,155180.0,11193.0,4195.0,83963.0,658954.0,14906.0
VIRGINIA,2008,VIRGINIA 2008,0.0,23079.0,152164.0,11900.0,1742.0,82700.0,646132.0,16681.0
VIRGINIA,2009,VIRGINIA 2009,0.0,17502.0,152731.0,13484.0,1624.0,87426.0,638448.0,16159.0
VIRGINIA,2010,VIRGINIA 2010,0.0,18566.0,165274.0,13270.0,1880.0,90406.0,683534.0,17331.0
VIRGINIA,2011,VIRGINIA 2011,0.0,16283.0,156171.0,12632.0,881.0,81379.0,633109.0,16809.0
VIRGINIA,2012,VIRGINIA 2012,0.0,12079.0,148540.0,10149.0,400.0,72906.0,579679.0,14047.0
VIRGINIA,2013,VIRGINIA 2013,0.0,13569.0,154960.0,12139.0,447.0,88862.0,625551.0,18329.0
VIRGINIA,2014,VIRGINIA 2014,0.0,14042.0,158466.0,11732.0,697.0,97426.0,643199.0,18549.0
VIRGINIA,2015,VIRGINIA 2015,0.0,12958.0,156708.0,12295.0,480.0,89558.0,611357.0,14223.0
VIRGINIA,2016,VIRGINIA 2016,0.0,9854.0,154175.0,10505.0,643.0,81054.0,579396.0,12746.0
VIRGINIA,2017,VIRGINIA 2017,0.0,8912.0,150068.0,9852.0,365.0,81148.0,553667.0,10914.0
VIRGINIA,2018,VIRGINIA 2018,0.0,11330.0,163648.0,12123.0,386.0,94171.0,610516.0,13780.0
VIRGINIA,2019,VIRGINIA 2019,0.0,9431.0,159225.0,12726.0,418.0,86516.0,571741.0,12194.0
WASHINGTON,2006,WASHINGTON 2006,0.0,7133.0,117504.0,6812.0,178.0,77752.0,496164.0,10061.0
WASHINGTON,2007,WASHINGTON 2007,0.0,6374.0,120747.0,6492.0,72.0,82188.0,488276.0,11120.0
WASHINGTON,2008,WASHINGTON 2008,0.0,5880.0,123978.0,8568.0,63.0,87054.0,510424.0,12443.0
WASHINGTON,2009,WASHINGTON 2009,0.0,5614.0,125453.0,9562.0,103.0,86682.0,515229.0,17545.0
WASHINGTON,2010,WASHINGTON 2010,0.0,5465.0,119102.0,9039.0,120.0,78028.0,491326.0,18817.0
WASHINGTON,2011,WASHINGTON 2011,0.0,5025.0,124115.0,9093.0,72.0,87884.0,511673.0,18251.0
WASHINGTON,2012,WASHINGTON 2012,0.0,3644.0,121163.0,6938.0,28.0,82237.0,480801.0,15251.0
WASHINGTON,2013,WASHINGTON 2013,0.0,3498.0,122776.0,6991.0,22.0,86129.0,494090.0,19901.0
WASHINGTON,2014,WASHINGTON 2014,0.0,3767.0,119703.0,6736.0,36.0,82249.0,481639.0,20140.0
WASHINGTON,2015,WASHINGTON 2015,0.0,3526.0,116254.0,5866.0,22.0,76475.0,450816.0,23039.0
WASHINGTON,2016,WASHINGTON 2016,0.0,3535.0,116730.0,7294.0,39.0,82329.0,454593.0,25184.0
WASHINGTON,2017,WASHINGTON 2017,0.0,4803.0,127209.0,8797.0,25.0,98296.0,503821.0,26043.0
WASHINGTON,2018,WASHINGTON 2018,0.0,3493.0,120577.0,8658.0,20.0,90806.0,479561.0,27893.0
WASHINGTON,2019,WASHINGTON 2019,0.0,3624.0,124580.0,10895.0,31.0,97618.0,496532.0,31676.0
WEST VIRGINIA,2006,WEST VIRGINIA 2006,55.0,2207.0,37581.0,3351.0,1066.0,29198.0,156513.0,8251.0
WEST VIRGINIA,2007,WEST VIRGINIA 2007,163.0,1909.0,40089.0,2855.0,699.0,28522.0,163991.0,9120.0
WEST VIRGINIA,2008,WEST VIRGINIA 2008,0.0,1967.0,40134.0,3252.0,267.0,29540.0,166585.0,10206.0
WEST VIRGINIA,2009,WEST VIRGINIA 2009,0.0,1349.0,39537.0,3119.0,386.0,28327.0,172745.0,17911.0
WEST VIRGINIA,2010,WEST VIRGINIA 2010,0.0,1594.0,42454.0,3242.0,382.0,29085.0,181872.0,19210.0
WEST VIRGINIA,2011,WEST VIRGINIA 2011,0.0,1389.0,40078.0,3049.0,188.0,27181.0,171031.0,18632.0
WEST VIRGINIA,2012,WEST VIRGINIA 2012,0.0,1094.0,38196.0,2580.0,90.0,24358.0,159444.0,15570.0
WEST VIRGINIA,2013,WEST VIRGINIA 2013,0.0,1513.0,39517.0,3919.0,100.0,28547.0,173670.0,20316.0
WEST VIRGINIA,2014,WEST VIRGINIA 2014,0.0,1376.0,40912.0,2739.0,202.0,30859.0,178596.0,20561.0
WEST VIRGINIA,2015,WEST VIRGINIA 2015,0.0,1671.0,39025.0,3034.0,148.0,27273.0,161181.0,9508.0
WEST VIRGINIA,2016,WEST VIRGINIA 2016,0.0,1550.0,38813.0,2242.0,208.0,25498.0,155489.0,8528.0
WEST VIRGINIA,2017,WEST VIRGINIA 2017,0.0,1152.0,36077.0,1961.0,112.0,24254.0,143734.0,8201.0
WEST VIRGINIA,2018,WEST VIRGINIA 2018,0.0,1419.0,39850.0,2469.0,121.0,28668.0,163769.0,9708.0
WEST VIRGINIA,2019,WEST VIRGINIA 2019,0.0,1590.0,38055.0,2892.0,140.0,25887.0,156114.0,9525.0
WISCONSIN,2006,WISCONSIN 2006,64.0,13724.0,74312.0,23023.0,153.0,121885.0,429998.0,22167.0
WISCONSIN,2007,WISCONSIN 2007,136.0,11454.0,76340.0,24254.0,77.0,132936.0,450624.0,24500.0
WISCONSIN,2008,WISCONSIN 2008,0.0,11907.0,74982.0,27509.0,52.0,142543.0,459749.0,27417.0
WISCONSIN,2009,WISCONSIN 2009,0.0,7181.0,73089.0,24957.0,155.0,135023.0,428284.0,20366.0
WISCONSIN,2010,WISCONSIN 2010,0.0,6343.0,76086.0,23928.0,151.0,124850.0,427714.0,21843.0
WISCONSIN,2011,WISCONSIN 2011,0.0,5439.0,75576.0,23911.0,207.0,131300.0,427450.0,21186.0
WISCONSIN,2012,WISCONSIN 2012,0.0,4143.0,75154.0,19185.0,36.0,114770.0,396686.0,17704.0
WISCONSIN,2013,WISCONSIN 2013,0.0,4597.0,75391.0,25828.0,54.0,146877.0,443777.0,23101.0
WISCONSIN,2014,WISCONSIN 2014,0.0,5334.0,74811.0,27212.0,92.0,155974.0,451636.0,23379.0
WISCONSIN,2015,WISCONSIN 2015,0.0,4481.0,72385.0,23810.0,54.0,132795.0,417201.0,29291.0
WISCONSIN,2016,WISCONSIN 2016,0.0,4111.0,74430.0,22411.0,82.0,131192.0,412718.0,25115.0
WISCONSIN,2017,WISCONSIN 2017,0.0,4064.0,72448.0,22276.0,49.0,136267.0,413810.0,24490.0
WISCONSIN,2018,WISCONSIN 2018,0.0,5002.0,76570.0,24405.0,54.0,151487.0,446114.0,29734.0
WISCONSIN,2019,WISCONSIN 2019,0.0,4879.0,75048.0,32568.0,78.0,159117.0,447185.0,29134.0
WYOMING,2006,WYOMING 2006,83.0,220.0,8421.0,2092.0,7.0,12156.0,42969.0,1727.0
WYOMING,2007,WYOMING 2007,105.0,179.0,8844.0,3613.0,4.0,12831.0,47154.0,1909.0
WYOMING,2008,WYOMING 2008,0.0,95.0,9276.0,3585.0,1.0,13711.0,49371.0,2136.0
WYOMING,2009,WYOMING 2009,0.0,134.0,9279.0,3944.0,1.0,13053.0,47842.0,1127.0
WYOMING,2010,WYOMING 2010,0.0,146.0,9305.0,3339.0,1.0,13317.0,47532.0,1209.0
WYOMING,2011,WYOMING 2011,0.0,129.0,9563.0,3597.0,1.0,13736.0,49225.0,1173.0
WYOMING,2012,WYOMING 2012,0.0,132.0,9269.0,2651.0,1.0,11895.0,45136.0,980.0
WYOMING,2013,WYOMING 2013,0.0,181.0,9654.0,2870.0,0.0,14217.0,49129.0,1279.0
WYOMING,2014,WYOMING 2014,0.0,121.0,9391.0,3067.0,0.0,13803.0,48016.0,1294.0
WYOMING,2015,WYOMING 2015,0.0,146.0,9133.0,2176.0,1.0,12273.0,47882.0,4178.0
WYOMING,2016,WYOMING 2016,0.0,116.0,9387.0,2597.0,1.0,12891.0,49012.0,3604.0
WYOMING,2017,WYOMING 2017,0.0,117.0,9459.0,3505.0,0.0,13307.0,51208.0,4189.0
WYOMING,2018,WYOMING 2018,0.0,114.0,9377.0,3275.0,0.0,13959.0,51478.0,4210.0
WYOMING,2019,WYOMING 2019,0.0,107.0,9722.0,3513.0,0.0,15103.0,53913.0,4257.0
