State,Year,State_Year,LI_Coal_Heaters,LI_NG_Heaters,LI_FO_KE_Heaters,LI_LPG_Heaters,LI_EL_Heaters,LI_Wood_Heaters
ALABAMA,2006,ALABAMA 2006,260,202990,3940,97295,236090,19548
ALABAMA,2007,ALABAMA 2007,260,202990,3940,97295,236090,19548
ALABAMA,2008,ALABAMA 2008,260,202990,3940,97295,236090,19548
ALABAMA,2009,ALABAMA 2009,260,202990,3940,97295,236090,19548
ALABAMA,2010,ALABAMA 2010,192,182737,3307,80803,301848,9216
ALABAMA,2011,ALABAMA 2011,192,182737,3307,80803,301848,9216
ALABAMA,2012,ALABAMA 2012,64,170356,2790,65588,325152,9329
ALABAMA,2013,ALABAMA 2013,110,161197,2732,62631,332123,8994
ALABAMA,2014,ALABAMA 2014,60,167300,2814,64149,372222,8991
ALABAMA,2015,ALABAMA 2015,61,156204,2620,57998,377505,8914
ALABAMA,2016,ALABAMA 2016,53,146973,2366,52714,385052,9429
ALABAMA,2017,ALABAMA 2017,174,151492,3910,53197,378504,8855
ALABAMA,2018,ALABAMA 2018,139,147915,2345,50972,390412,9254
ALABAMA,2019,ALABAMA 2019,123,144511,2013,47041,390328,9188
ALASKA,2006,ALASKA 2006,365,16565,18570,1315,7580,8202
ALASKA,2007,ALASKA 2007,365,16565,18570,1315,7580,8202
ALASKA,2008,ALASKA 2008,365,16565,18570,1315,7580,8202
ALASKA,2009,ALASKA 2009,365,16565,18570,1315,7580,8202
ALASKA,2010,ALASKA 2010,328,22258,21718,1569,10335,3582
ALASKA,2011,ALASKA 2011,328,22258,21718,1569,10335,3582
ALASKA,2012,ALASKA 2012,218,16511,16974,922,7119,4165
ALASKA,2013,ALASKA 2013,919,21184,21535,907,7763,5454
ALASKA,2014,ALASKA 2014,262,23539,22071,1152,9428,4989
ALASKA,2015,ALASKA 2015,61,24498,22975,1557,10217,5221
ALASKA,2016,ALASKA 2016,263,22953,20839,1321,10425,4945
ALASKA,2017,ALASKA 2017,229,23349,78207,1206,10506,5068
ALASKA,2018,ALASKA 2018,426,24823,20385,1135,11424,4941
ALASKA,2019,ALASKA 2019,496,24315,20078,969,11024,5205
ARIZONA,2006,ARIZONA 2006,660,162545,605,31550,218400,39842
ARIZONA,2007,ARIZONA 2007,660,162545,605,31550,218400,39842
ARIZONA,2008,ARIZONA 2008,660,162545,605,31550,218400,39842
ARIZONA,2009,ARIZONA 2009,660,162545,605,31550,218400,39842
ARIZONA,2010,ARIZONA 2010,695,181842,561,23592,312218,20136
ARIZONA,2011,ARIZONA 2011,695,181842,561,23592,312218,20136
ARIZONA,2012,ARIZONA 2012,259,185835,804,23077,357510,21335
ARIZONA,2013,ARIZONA 2013,263,202454,791,23435,403175,23196
ARIZONA,2014,ARIZONA 2014,116,213875,617,25256,449097,23690
ARIZONA,2015,ARIZONA 2015,108,205957,581,23099,453828,23332
ARIZONA,2016,ARIZONA 2016,72,193060,561,21346,440975,23300
ARIZONA,2017,ARIZONA 2017,130,181036,1624,19690,413757,23055
ARIZONA,2018,ARIZONA 2018,190,173254,523,19570,413952,23118
ARIZONA,2019,ARIZONA 2019,191,173228,590,19218,420813,22713
ARKANSAS,2006,ARKANSAS 2006,20,126790,430,44565,87490,49379
ARKANSAS,2007,ARKANSAS 2007,20,126790,430,44565,87490,49379
ARKANSAS,2008,ARKANSAS 2008,20,126790,430,44565,87490,49379
ARKANSAS,2009,ARKANSAS 2009,20,126790,430,44565,87490,49379
ARKANSAS,2010,ARKANSAS 2010,27,134573,1104,39462,128909,15845
ARKANSAS,2011,ARKANSAS 2011,27,134573,1104,39462,128909,15845
ARKANSAS,2012,ARKANSAS 2012,31,128544,719,33538,145964,16631
ARKANSAS,2013,ARKANSAS 2013,1,122666,692,34052,156136,17038
ARKANSAS,2014,ARKANSAS 2014,0,124949,752,32334,166332,17368
ARKANSAS,2015,ARKANSAS 2015,0,121604,617,29976,168455,16860
ARKANSAS,2016,ARKANSAS 2016,0,120291,655,28170,174689,16891
ARKANSAS,2017,ARKANSAS 2017,2,120737,1528,28368,169552,16247
ARKANSAS,2018,ARKANSAS 2018,1,122033,467,26732,178050,16328
ARKANSAS,2019,ARKANSAS 2019,1,116492,475,25018,176020,15565
CALIFORNIA,2006,CALIFORNIA 2006,315,1988975,10940,127755,793615,204699
CALIFORNIA,2007,CALIFORNIA 2007,315,1988975,10940,127755,793615,204699
CALIFORNIA,2008,CALIFORNIA 2008,315,1988975,10940,127755,793615,204699
CALIFORNIA,2009,CALIFORNIA 2009,315,1988975,10940,127755,793615,204699
CALIFORNIA,2010,CALIFORNIA 2010,362,2115467,13876,106596,933985,56860
CALIFORNIA,2011,CALIFORNIA 2011,362,2115467,13876,106596,933985,56860
CALIFORNIA,2012,CALIFORNIA 2012,184,2123371,11997,101718,1003678,61592
CALIFORNIA,2013,CALIFORNIA 2013,926,2240700,12510,105488,1093276,65794
CALIFORNIA,2014,CALIFORNIA 2014,513,2364512,13156,113107,1199151,70111
CALIFORNIA,2015,CALIFORNIA 2015,547,2348456,12799,111643,1228610,69289
CALIFORNIA,2016,CALIFORNIA 2016,708,2306612,11557,110719,1254109,67819
CALIFORNIA,2017,CALIFORNIA 2017,684,2237989,34604,108336,1202266,65853
CALIFORNIA,2018,CALIFORNIA 2018,522,2192234,11151,106512,1204745,64979
CALIFORNIA,2019,CALIFORNIA 2019,469,2123023,11004,104439,1184315,63372
COLORADO,2006,COLORADO 2006,725,264430,715,27465,84850,24090
COLORADO,2007,COLORADO 2007,725,264430,715,27465,84850,24090
COLORADO,2008,COLORADO 2008,725,264430,715,27465,84850,24090
COLORADO,2009,COLORADO 2009,725,264430,715,27465,84850,24090
COLORADO,2010,COLORADO 2010,714,356741,1276,26745,107299,9476
COLORADO,2011,COLORADO 2011,714,356741,1276,26745,107299,9476
COLORADO,2012,COLORADO 2012,371,359973,1084,25389,106113,9892
COLORADO,2013,COLORADO 2013,1676,379384,1065,26671,117232,11255
COLORADO,2014,COLORADO 2014,510,393955,1036,28189,135255,12404
COLORADO,2015,COLORADO 2015,488,388544,1120,27913,144805,13049
COLORADO,2016,COLORADO 2016,372,379842,989,26501,151558,13280
COLORADO,2017,COLORADO 2017,398,391768,2157,27639,151058,13627
COLORADO,2018,COLORADO 2018,393,384471,908,26964,157009,13529
COLORADO,2019,COLORADO 2019,356,373848,796,26704,158400,13098
CONNECTICUT,2006,CONNECTICUT 2006,260,122775,152410,11270,71840,11883
CONNECTICUT,2007,CONNECTICUT 2007,260,122775,152410,11270,71840,11883
CONNECTICUT,2008,CONNECTICUT 2008,260,122775,152410,11270,71840,11883
CONNECTICUT,2009,CONNECTICUT 2009,260,122775,152410,11270,71840,11883
CONNECTICUT,2010,CONNECTICUT 2010,256,132018,149839,9595,78895,2648
CONNECTICUT,2011,CONNECTICUT 2011,256,132018,149839,9595,78895,2648
CONNECTICUT,2012,CONNECTICUT 2012,204,140562,146663,9930,82501,4228
CONNECTICUT,2013,CONNECTICUT 2013,1018,155407,160979,11157,91216,4956
CONNECTICUT,2014,CONNECTICUT 2014,95,167207,161185,11975,96880,5414
CONNECTICUT,2015,CONNECTICUT 2015,276,168277,157955,11895,100535,4723
CONNECTICUT,2016,CONNECTICUT 2016,355,170760,147488,11800,99763,5159
CONNECTICUT,2017,CONNECTICUT 2017,398,167567,612679,12089,99354,5238
CONNECTICUT,2018,CONNECTICUT 2018,464,170398,144678,12175,100683,5434
CONNECTICUT,2019,CONNECTICUT 2019,464,169241,138972,13072,101980,5524
DELAWARE,2006,DELAWARE 2006,105,24465,22190,8525,22490,2103
DELAWARE,2007,DELAWARE 2007,105,24465,22190,8525,22490,2103
DELAWARE,2008,DELAWARE 2008,105,24465,22190,8525,22490,2103
DELAWARE,2009,DELAWARE 2009,105,24465,22190,8525,22490,2103
DELAWARE,2010,DELAWARE 2010,180,25627,19927,10986,29330,995
DELAWARE,2011,DELAWARE 2011,180,25627,19927,10986,29330,995
DELAWARE,2012,DELAWARE 2012,109,28765,18542,9397,33133,1001
DELAWARE,2013,DELAWARE 2013,231,30022,18981,9423,35205,1075
DELAWARE,2014,DELAWARE 2014,138,33424,19192,10384,36150,1075
DELAWARE,2015,DELAWARE 2015,175,32626,17556,10062,36543,1384
DELAWARE,2016,DELAWARE 2016,247,33058,17703,10966,37295,1360
DELAWARE,2017,DELAWARE 2017,112,31704,51595,10110,36928,1189
DELAWARE,2018,DELAWARE 2018,168,33113,16014,10891,38216,1067
DELAWARE,2019,DELAWARE 2019,105,33453,14688,10790,38822,990
DISTRICT OF COLUMBIA,2006,DISTRICT OF COLUMBIA 2006,25,45120,4500,1735,21100,89
DISTRICT OF COLUMBIA,2007,DISTRICT OF COLUMBIA 2007,25,45120,4500,1735,21100,89
DISTRICT OF COLUMBIA,2008,DISTRICT OF COLUMBIA 2008,25,45120,4500,1735,21100,89
DISTRICT OF COLUMBIA,2009,DISTRICT OF COLUMBIA 2009,25,45120,4500,1735,21100,89
DISTRICT OF COLUMBIA,2010,DISTRICT OF COLUMBIA 2010,24,38562,2066,831,21742,0
DISTRICT OF COLUMBIA,2011,DISTRICT OF COLUMBIA 2011,24,38562,2066,831,21742,0
DISTRICT OF COLUMBIA,2012,DISTRICT OF COLUMBIA 2012,78,39122,2170,894,23174,0
DISTRICT OF COLUMBIA,2013,DISTRICT OF COLUMBIA 2013,69,36880,1908,672,21978,0
DISTRICT OF COLUMBIA,2014,DISTRICT OF COLUMBIA 2014,50,37517,1712,718,23345,0
DISTRICT OF COLUMBIA,2015,DISTRICT OF COLUMBIA 2015,45,36762,1873,675,23729,0
DISTRICT OF COLUMBIA,2016,DISTRICT OF COLUMBIA 2016,18,37761,1674,817,29468,0
DISTRICT OF COLUMBIA,2017,DISTRICT OF COLUMBIA 2017,26,42744,6669,776,31326,0
DISTRICT OF COLUMBIA,2018,DISTRICT OF COLUMBIA 2018,10,46558,1642,827,35972,0
DISTRICT OF COLUMBIA,2019,DISTRICT OF COLUMBIA 2019,9,38833,1230,705,33412,11
FLORIDA,2006,FLORIDA 2006,105,103615,22765,89595,1339160,16538
FLORIDA,2007,FLORIDA 2007,105,103615,22765,89595,1339160,16538
FLORIDA,2008,FLORIDA 2008,105,103615,22765,89595,1339160,16538
FLORIDA,2009,FLORIDA 2009,105,103615,22765,89595,1339160,16538
FLORIDA,2010,FLORIDA 2010,136,83891,11225,52028,1650830,4672
FLORIDA,2011,FLORIDA 2011,136,83891,11225,52028,1650830,4672
FLORIDA,2012,FLORIDA 2012,151,78011,7810,39090,1772752,4282
FLORIDA,2013,FLORIDA 2013,289,81720,7118,37819,1939381,5324
FLORIDA,2014,FLORIDA 2014,107,84018,6718,36209,2079524,6175
FLORIDA,2015,FLORIDA 2015,187,77615,6274,33026,2043332,5626
FLORIDA,2016,FLORIDA 2016,181,72729,5563,28890,1982728,5461
FLORIDA,2017,FLORIDA 2017,145,71730,15816,28685,1909151,5024
FLORIDA,2018,FLORIDA 2018,128,68857,4940,26451,1917547,5061
FLORIDA,2019,FLORIDA 2019,176,68893,4408,24371,1902673,4654
GEORGIA,2006,GEORGIA 2006,80,320440,8705,118870,321860,29141
GEORGIA,2007,GEORGIA 2007,80,320440,8705,118870,321860,29141
GEORGIA,2008,GEORGIA 2008,80,320440,8705,118870,321860,29141
GEORGIA,2009,GEORGIA 2009,80,320440,8705,118870,321860,29141
GEORGIA,2010,GEORGIA 2010,107,346780,7031,100214,480670,12631
GEORGIA,2011,GEORGIA 2011,107,346780,7031,100214,480670,12631
GEORGIA,2012,GEORGIA 2012,19,340917,5404,88754,563180,14549
GEORGIA,2013,GEORGIA 2013,131,361473,5334,87627,632281,15274
GEORGIA,2014,GEORGIA 2014,98,370590,5881,83072,679745,15721
GEORGIA,2015,GEORGIA 2015,77,360922,5168,78689,683765,15233
GEORGIA,2016,GEORGIA 2016,0,341424,3855,70950,674149,16172
GEORGIA,2017,GEORGIA 2017,92,334335,7728,70833,657527,15451
GEORGIA,2018,GEORGIA 2018,50,334336,3753,66637,670677,15555
GEORGIA,2019,GEORGIA 2019,50,323751,3229,64363,664172,14261
HAWAII,2006,HAWAII 2006,10,4080,165,3595,49850,1957
HAWAII,2007,HAWAII 2007,10,4080,165,3595,49850,1957
HAWAII,2008,HAWAII 2008,10,4080,165,3595,49850,1957
HAWAII,2009,HAWAII 2009,10,4080,165,3595,49850,1957
HAWAII,2010,HAWAII 2010,0,3015,36,2006,37229,372
HAWAII,2011,HAWAII 2011,0,3015,36,2006,37229,372
HAWAII,2012,HAWAII 2012,46,3262,83,1673,40895,459
HAWAII,2013,HAWAII 2013,36,2710,78,1515,38692,309
HAWAII,2014,HAWAII 2014,0,2899,56,1510,40245,657
HAWAII,2015,HAWAII 2015,0,2701,27,1635,38270,382
HAWAII,2016,HAWAII 2016,0,2872,41,1886,35497,573
HAWAII,2017,HAWAII 2017,0,2656,114,1485,33149,355
HAWAII,2018,HAWAII 2018,0,2612,45,1451,32083,413
HAWAII,2019,HAWAII 2019,22,2444,40,1786,30023,240
IDAHO,2006,IDAHO 2006,455,38305,6620,6795,49630,36100
IDAHO,2007,IDAHO 2007,455,38305,6620,6795,49630,36100
IDAHO,2008,IDAHO 2008,455,38305,6620,6795,49630,36100
IDAHO,2009,IDAHO 2009,455,38305,6620,6795,49630,36100
IDAHO,2010,IDAHO 2010,267,55662,5669,5766,59274,11257
IDAHO,2011,IDAHO 2011,267,55662,5669,5766,59274,11257
IDAHO,2012,IDAHO 2012,158,53037,3804,6055,64147,11632
IDAHO,2013,IDAHO 2013,534,61186,4031,7383,70483,12606
IDAHO,2014,IDAHO 2014,182,66807,4080,7717,75295,13548
IDAHO,2015,IDAHO 2015,178,65178,3316,7593,71135,13798
IDAHO,2016,IDAHO 2016,151,63740,2976,6768,69461,13080
IDAHO,2017,IDAHO 2017,118,62244,11448,6685,68463,12882
IDAHO,2018,IDAHO 2018,123,62371,3019,6489,69822,12578
IDAHO,2019,IDAHO 2019,118,61154,2800,6128,68085,11911
ILLINOIS,2006,ILLINOIS 2006,400,879370,8215,60885,197910,16958
ILLINOIS,2007,ILLINOIS 2007,400,879370,8215,60885,197910,16958
ILLINOIS,2008,ILLINOIS 2008,400,879370,8215,60885,197910,16958
ILLINOIS,2009,ILLINOIS 2009,400,879370,8215,60885,197910,16958
ILLINOIS,2010,ILLINOIS 2010,328,1061564,6355,54682,249401,6152
ILLINOIS,2011,ILLINOIS 2011,328,1061564,6355,54682,249401,6152
ILLINOIS,2012,ILLINOIS 2012,280,1057628,4445,49455,266567,6050
ILLINOIS,2013,ILLINOIS 2013,571,1101101,4366,51539,276943,6574
ILLINOIS,2014,ILLINOIS 2014,472,1151849,4310,54566,296699,7224
ILLINOIS,2015,ILLINOIS 2015,535,1135491,3587,52619,299112,7506
ILLINOIS,2016,ILLINOIS 2016,566,1123575,3452,50708,305899,7152
ILLINOIS,2017,ILLINOIS 2017,538,1107416,9787,51212,298345,7189
ILLINOIS,2018,ILLINOIS 2018,581,1101430,3181,50377,304847,7025
ILLINOIS,2019,ILLINOIS 2019,436,1082493,3009,48582,307719,6897
INDIANA,2006,INDIANA 2006,910,354285,16270,44070,144180,33075
INDIANA,2007,INDIANA 2007,910,354285,16270,44070,144180,33075
INDIANA,2008,INDIANA 2008,910,354285,16270,44070,144180,33075
INDIANA,2009,INDIANA 2009,910,354285,16270,44070,144180,33075
INDIANA,2010,INDIANA 2010,1238,427555,13075,46363,196116,11983
INDIANA,2011,INDIANA 2011,1238,427555,13075,46363,196116,11983
INDIANA,2012,INDIANA 2012,1343,427095,10416,43106,213968,13781
INDIANA,2013,INDIANA 2013,3684,431159,9373,44170,227517,14968
INDIANA,2014,INDIANA 2014,1225,447945,9162,44873,243220,17172
INDIANA,2015,INDIANA 2015,1238,435270,8310,41494,244165,15481
INDIANA,2016,INDIANA 2016,1241,430373,7033,40052,249414,14800
INDIANA,2017,INDIANA 2017,1219,425653,23171,40950,246691,14733
INDIANA,2018,INDIANA 2018,1112,423630,6592,40206,248862,14381
INDIANA,2019,INDIANA 2019,991,417581,6115,39528,251963,13683
IOWA,2006,IOWA 2006,20,170895,6865,39560,51995,13243
IOWA,2007,IOWA 2007,20,170895,6865,39560,51995,13243
IOWA,2008,IOWA 2008,20,170895,6865,39560,51995,13243
IOWA,2009,IOWA 2009,20,170895,6865,39560,51995,13243
IOWA,2010,IOWA 2010,91,213778,4785,37162,74766,4888
IOWA,2011,IOWA 2011,91,213778,4785,37162,74766,4888
IOWA,2012,IOWA 2012,42,202855,3678,35367,76400,4328
IOWA,2013,IOWA 2013,178,206958,3278,37210,81959,5295
IOWA,2014,IOWA 2014,127,215088,3128,37751,85014,4708
IOWA,2015,IOWA 2015,139,212411,3051,36102,87590,5251
IOWA,2016,IOWA 2016,77,207724,2868,36169,89551,5167
IOWA,2017,IOWA 2017,82,215681,8868,37034,91420,5365
IOWA,2018,IOWA 2018,90,210637,2778,36159,96832,5344
IOWA,2019,IOWA 2019,70,209188,2626,36350,101904,5172
KANSAS,2006,KANSAS 2006,15,179465,420,22635,54550,12852
KANSAS,2007,KANSAS 2007,15,179465,420,22635,54550,12852
KANSAS,2008,KANSAS 2008,15,179465,420,22635,54550,12852
KANSAS,2009,KANSAS 2009,15,179465,420,22635,54550,12852
KANSAS,2010,KANSAS 2010,147,214602,498,22968,69743,3507
KANSAS,2011,KANSAS 2011,147,214602,498,22968,69743,3507
KANSAS,2012,KANSAS 2012,121,202466,257,20354,74494,5946
KANSAS,2013,KANSAS 2013,78,205117,374,21084,80320,5827
KANSAS,2014,KANSAS 2014,36,211574,506,21808,88678,6152
KANSAS,2015,KANSAS 2015,72,203305,473,19864,89535,5502
KANSAS,2016,KANSAS 2016,96,196477,477,18509,91822,5214
KANSAS,2017,KANSAS 2017,112,202777,1809,19208,90792,5503
KANSAS,2018,KANSAS 2018,119,205407,629,18909,92631,5722
KANSAS,2019,KANSAS 2019,119,197050,642,17705,91903,5314
KENTUCKY,2006,KENTUCKY 2006,8595,171880,19455,49195,198465,45465
KENTUCKY,2007,KENTUCKY 2007,8595,171880,19455,49195,198465,45465
KENTUCKY,2008,KENTUCKY 2008,8595,171880,19455,49195,198465,45465
KENTUCKY,2009,KENTUCKY 2009,8595,171880,19455,49195,198465,45465
KENTUCKY,2010,KENTUCKY 2010,5862,177574,15540,41232,248409,21023
KENTUCKY,2011,KENTUCKY 2011,5862,177574,15540,41232,248409,21023
KENTUCKY,2012,KENTUCKY 2012,4857,175974,10754,37808,280455,21927
KENTUCKY,2013,KENTUCKY 2013,5015,177451,9622,37857,288514,21387
KENTUCKY,2014,KENTUCKY 2014,3392,182894,9930,39347,307386,21992
KENTUCKY,2015,KENTUCKY 2015,2952,176990,9015,36511,304084,23117
KENTUCKY,2016,KENTUCKY 2016,2732,170254,8346,35486,305169,24199
KENTUCKY,2017,KENTUCKY 2017,2553,174474,17484,35940,311439,23581
KENTUCKY,2018,KENTUCKY 2018,2424,175734,8158,35700,317044,23775
KENTUCKY,2019,KENTUCKY 2019,2555,174985,7252,35131,325364,23718
LOUISIANA,2006,LOUISIANA 2006,40,254135,1215,35370,240050,12647
LOUISIANA,2007,LOUISIANA 2007,40,254135,1215,35370,240050,12647
LOUISIANA,2008,LOUISIANA 2008,40,254135,1215,35370,240050,12647
LOUISIANA,2009,LOUISIANA 2009,40,254135,1215,35370,240050,12647
LOUISIANA,2010,LOUISIANA 2010,31,191220,1080,25682,274097,4538
LOUISIANA,2011,LOUISIANA 2011,31,191220,1080,25682,274097,4538
LOUISIANA,2012,LOUISIANA 2012,7,185818,835,21672,297159,4678
LOUISIANA,2013,LOUISIANA 2013,99,183522,620,18384,313096,4101
LOUISIANA,2014,LOUISIANA 2014,77,187395,471,18735,355257,4567
LOUISIANA,2015,LOUISIANA 2015,76,180650,358,18460,376129,3938
LOUISIANA,2016,LOUISIANA 2016,23,177813,229,17352,389194,3671
LOUISIANA,2017,LOUISIANA 2017,64,182919,951,17151,385550,3896
LOUISIANA,2018,LOUISIANA 2018,14,180775,430,16485,397582,4045
LOUISIANA,2019,LOUISIANA 2019,12,182051,516,15321,403859,3856
MAINE,2006,MAINE 2006,185,5260,96805,6375,11180,33389
MAINE,2007,MAINE 2007,185,5260,96805,6375,11180,33389
MAINE,2008,MAINE 2008,185,5260,96805,6375,11180,33389
MAINE,2009,MAINE 2009,185,5260,96805,6375,11180,33389
MAINE,2010,MAINE 2010,221,6452,113325,9293,12143,10726
MAINE,2011,MAINE 2011,221,6452,113325,9293,12143,10726
MAINE,2012,MAINE 2012,116,6599,106620,9811,12839,11316
MAINE,2013,MAINE 2013,1353,7753,112603,11046,15216,13819
MAINE,2014,MAINE 2014,605,8763,114354,11398,14775,15691
MAINE,2015,MAINE 2015,731,8813,109947,11717,14420,17175
MAINE,2016,MAINE 2016,822,10722,112703,12082,14048,18585
MAINE,2017,MAINE 2017,640,11078,368415,12248,15209,18657
MAINE,2018,MAINE 2018,673,13089,114503,13478,16194,20366
MAINE,2019,MAINE 2019,408,13346,104997,13125,17112,18597
MARYLAND,2006,MARYLAND 2006,990,231095,83295,17820,148445,19721
MARYLAND,2007,MARYLAND 2007,990,231095,83295,17820,148445,19721
MARYLAND,2008,MARYLAND 2008,990,231095,83295,17820,148445,19721
MARYLAND,2009,MARYLAND 2009,990,231095,83295,17820,148445,19721
MARYLAND,2010,MARYLAND 2010,901,233882,75735,18371,203327,5109
MARYLAND,2011,MARYLAND 2011,901,233882,75735,18371,203327,5109
MARYLAND,2012,MARYLAND 2012,990,245595,73719,18212,222712,5540
MARYLAND,2013,MARYLAND 2013,2201,264629,75182,18019,241037,6552
MARYLAND,2014,MARYLAND 2014,797,273850,74343,19447,265001,7162
MARYLAND,2015,MARYLAND 2015,782,274107,72093,17786,272579,8191
MARYLAND,2016,MARYLAND 2016,967,273560,67114,17643,276983,9232
MARYLAND,2017,MARYLAND 2017,942,277777,222229,18333,276443,9035
MARYLAND,2018,MARYLAND 2018,1012,279447,66949,18651,282889,9225
MARYLAND,2019,MARYLAND 2019,1058,275768,64587,18695,281709,9112
MASSACHUSETTS,2006,MASSACHUSETTS 2006,455,298065,211520,22030,124235,19513
MASSACHUSETTS,2007,MASSACHUSETTS 2007,455,298065,211520,22030,124235,19513
MASSACHUSETTS,2008,MASSACHUSETTS 2008,455,298065,211520,22030,124235,19513
MASSACHUSETTS,2009,MASSACHUSETTS 2009,455,298065,211520,22030,124235,19513
MASSACHUSETTS,2010,MASSACHUSETTS 2010,614,348311,215044,19327,144755,4319
MASSACHUSETTS,2011,MASSACHUSETTS 2011,614,348311,215044,19327,144755,4319
MASSACHUSETTS,2012,MASSACHUSETTS 2012,526,345104,211426,16550,142722,5628
MASSACHUSETTS,2013,MASSACHUSETTS 2013,2721,383962,223949,18978,158417,7841
MASSACHUSETTS,2014,MASSACHUSETTS 2014,1003,411304,229492,21694,170934,9425
MASSACHUSETTS,2015,MASSACHUSETTS 2015,1235,421127,223848,22175,179799,10761
MASSACHUSETTS,2016,MASSACHUSETTS 2016,1007,419755,213226,23562,182716,10481
MASSACHUSETTS,2017,MASSACHUSETTS 2017,950,424182,771228,23337,181714,10470
MASSACHUSETTS,2018,MASSACHUSETTS 2018,977,431827,205080,23512,189032,10224
MASSACHUSETTS,2019,MASSACHUSETTS 2019,881,425962,191276,23504,192345,9764
MICHIGAN,2006,MICHIGAN 2006,325,720640,35360,90315,96680,54608
MICHIGAN,2007,MICHIGAN 2007,325,720640,35360,90315,96680,54608
MICHIGAN,2008,MICHIGAN 2008,325,720640,35360,90315,96680,54608
MICHIGAN,2009,MICHIGAN 2009,325,720640,35360,90315,96680,54608
MICHIGAN,2010,MICHIGAN 2010,418,898895,30880,105666,126429,25798
MICHIGAN,2011,MICHIGAN 2011,418,898895,30880,105666,126429,25798
MICHIGAN,2012,MICHIGAN 2012,488,916154,26436,96952,130687,32092
MICHIGAN,2013,MICHIGAN 2013,710,952841,25523,100713,143553,38148
MICHIGAN,2014,MICHIGAN 2014,500,968595,22608,101795,146777,42131
MICHIGAN,2015,MICHIGAN 2015,576,920876,18798,94471,150066,40251
MICHIGAN,2016,MICHIGAN 2016,408,898842,16065,92056,152955,39334
MICHIGAN,2017,MICHIGAN 2017,526,882305,52874,87533,151828,37609
MICHIGAN,2018,MICHIGAN 2018,528,884372,14730,87111,155336,37429
MICHIGAN,2019,MICHIGAN 2019,506,876230,14079,87329,161105,36822
MINNESOTA,2006,MINNESOTA 2006,205,253940,39220,54100,83030,36961
MINNESOTA,2007,MINNESOTA 2007,205,253940,39220,54100,83030,36961
MINNESOTA,2008,MINNESOTA 2008,205,253940,39220,54100,83030,36961
MINNESOTA,2009,MINNESOTA 2009,205,253940,39220,54100,83030,36961
MINNESOTA,2010,MINNESOTA 2010,356,325403,36273,65855,110269,12999
MINNESOTA,2011,MINNESOTA 2011,356,325403,36273,65855,110269,12999
MINNESOTA,2012,MINNESOTA 2012,145,349872,30704,64737,118064,15607
MINNESOTA,2013,MINNESOTA 2013,448,369375,27828,64551,129915,17634
MINNESOTA,2014,MINNESOTA 2014,174,376598,27328,66416,143441,18051
MINNESOTA,2015,MINNESOTA 2015,179,355732,24218,63982,149258,16508
MINNESOTA,2016,MINNESOTA 2016,126,346132,21171,60939,154933,14988
MINNESOTA,2017,MINNESOTA 2017,222,349557,55459,61573,150017,15979
MINNESOTA,2018,MINNESOTA 2018,264,354136,19481,63278,155977,16037
MINNESOTA,2019,MINNESOTA 2019,233,354113,17313,63119,159052,15876
MISSISSIPPI,2006,MISSISSIPPI 2006,40,119795,875,79730,121630,17736
MISSISSIPPI,2007,MISSISSIPPI 2007,40,119795,875,79730,121630,17736
MISSISSIPPI,2008,MISSISSIPPI 2008,40,119795,875,79730,121630,17736
MISSISSIPPI,2009,MISSISSIPPI 2009,40,119795,875,79730,121630,17736
MISSISSIPPI,2010,MISSISSIPPI 2010,114,116134,854,65160,161705,8743
MISSISSIPPI,2011,MISSISSIPPI 2011,114,116134,854,65160,161705,8743
MISSISSIPPI,2012,MISSISSIPPI 2012,172,111940,951,60750,172506,7950
MISSISSIPPI,2013,MISSISSIPPI 2013,5,106049,991,56268,178843,6494
MISSISSIPPI,2014,MISSISSIPPI 2014,5,106927,973,52958,195779,7380
MISSISSIPPI,2015,MISSISSIPPI 2015,0,103936,730,50611,202523,6145
MISSISSIPPI,2016,MISSISSIPPI 2016,0,104516,514,48858,212347,5688
MISSISSIPPI,2017,MISSISSIPPI 2017,0,103892,1379,49437,207005,5926
MISSISSIPPI,2018,MISSISSIPPI 2018,5,102634,633,47395,211484,5828
MISSISSIPPI,2019,MISSISSIPPI 2019,6,100333,658,44132,208041,5348
MISSOURI,2006,MISSOURI 2006,55,306070,4220,96585,165175,77666
MISSOURI,2007,MISSOURI 2007,55,306070,4220,96585,165175,77666
MISSOURI,2008,MISSOURI 2008,55,306070,4220,96585,165175,77666
MISSOURI,2009,MISSOURI 2009,55,306070,4220,96585,165175,77666
MISSOURI,2010,MISSOURI 2010,69,337612,4363,87349,233747,26941
MISSOURI,2011,MISSOURI 2011,69,337612,4363,87349,233747,26941
MISSOURI,2012,MISSOURI 2012,46,302219,2469,71326,237163,27608
MISSOURI,2013,MISSOURI 2013,19,324605,2486,75366,264065,32698
MISSOURI,2014,MISSOURI 2014,0,334538,2230,75248,286198,35596
MISSOURI,2015,MISSOURI 2015,89,335764,2030,72138,294679,35399
MISSOURI,2016,MISSOURI 2016,187,322097,1532,68186,295656,34201
MISSOURI,2017,MISSOURI 2017,160,322240,5405,68164,291390,34277
MISSOURI,2018,MISSOURI 2018,171,320416,1745,66165,297846,33207
MISSOURI,2019,MISSOURI 2019,175,310685,1684,62623,296211,32637
MONTANA,2006,MONTANA 2006,370,47915,3200,12055,20255,27034
MONTANA,2007,MONTANA 2007,370,47915,3200,12055,20255,27034
MONTANA,2008,MONTANA 2008,370,47915,3200,12055,20255,27034
MONTANA,2009,MONTANA 2009,370,47915,3200,12055,20255,27034
MONTANA,2010,MONTANA 2010,235,47734,1888,10964,23281,7425
MONTANA,2011,MONTANA 2011,235,47734,1888,10964,23281,7425
MONTANA,2012,MONTANA 2012,479,51022,1692,11577,25299,7565
MONTANA,2013,MONTANA 2013,1026,54474,2209,11893,29256,10436
MONTANA,2014,MONTANA 2014,193,58451,2145,12346,29914,10066
MONTANA,2015,MONTANA 2015,203,56749,1915,12361,32598,11472
MONTANA,2016,MONTANA 2016,225,56532,1686,12851,34843,11898
MONTANA,2017,MONTANA 2017,184,57664,5225,12914,35128,11503
MONTANA,2018,MONTANA 2018,200,58269,1398,13255,36392,11175
MONTANA,2019,MONTANA 2019,156,54755,1257,12239,36468,10973
NEBRASKA,2006,NEBRASKA 2006,30,106725,2610,20545,36305,7321
NEBRASKA,2007,NEBRASKA 2007,30,106725,2610,20545,36305,7321
NEBRASKA,2008,NEBRASKA 2008,30,106725,2610,20545,36305,7321
NEBRASKA,2009,NEBRASKA 2009,30,106725,2610,20545,36305,7321
NEBRASKA,2010,NEBRASKA 2010,71,119419,2145,16075,50982,3168
NEBRASKA,2011,NEBRASKA 2011,71,119419,2145,16075,50982,3168
NEBRASKA,2012,NEBRASKA 2012,114,123365,1587,15829,52553,2871
NEBRASKA,2013,NEBRASKA 2013,44,122336,1600,15927,56465,2716
NEBRASKA,2014,NEBRASKA 2014,31,125185,1717,15455,61460,2734
NEBRASKA,2015,NEBRASKA 2015,22,119080,1800,13871,58385,2537
NEBRASKA,2016,NEBRASKA 2016,22,119862,1529,13094,59989,2624
NEBRASKA,2017,NEBRASKA 2017,14,120541,4009,14178,63394,2931
NEBRASKA,2018,NEBRASKA 2018,30,118949,1296,14114,66667,2838
NEBRASKA,2019,NEBRASKA 2019,31,117303,1183,14491,70103,2946
NEVADA,2006,NEVADA 2006,45,72430,2015,9145,81720,7968
NEVADA,2007,NEVADA 2007,45,72430,2015,9145,81720,7968
NEVADA,2008,NEVADA 2008,45,72430,2015,9145,81720,7968
NEVADA,2009,NEVADA 2009,45,72430,2015,9145,81720,7968
NEVADA,2010,NEVADA 2010,5,101321,1562,9715,90154,1883
NEVADA,2011,NEVADA 2011,5,101321,1562,9715,90154,1883
NEVADA,2012,NEVADA 2012,0,109772,1603,7930,93786,2277
NEVADA,2013,NEVADA 2013,220,129262,2006,7857,109494,3392
NEVADA,2014,NEVADA 2014,86,147332,1680,8299,121434,4007
NEVADA,2015,NEVADA 2015,90,149386,1554,7533,123323,4385
NEVADA,2016,NEVADA 2016,0,145308,1353,7129,123039,3925
NEVADA,2017,NEVADA 2017,48,140226,7112,6436,120173,3929
NEVADA,2018,NEVADA 2018,0,131784,1169,5929,117620,3178
NEVADA,2019,NEVADA 2019,33,130217,1216,5509,117167,3081
NEW HAMPSHIRE,2006,NEW HAMPSHIRE 2006,105,19630,56495,9590,12805,20226
NEW HAMPSHIRE,2007,NEW HAMPSHIRE 2007,105,19630,56495,9590,12805,20226
NEW HAMPSHIRE,2008,NEW HAMPSHIRE 2008,105,19630,56495,9590,12805,20226
NEW HAMPSHIRE,2009,NEW HAMPSHIRE 2009,105,19630,56495,9590,12805,20226
NEW HAMPSHIRE,2010,NEW HAMPSHIRE 2010,67,25639,63193,11967,16848,5463
NEW HAMPSHIRE,2011,NEW HAMPSHIRE 2011,67,25639,63193,11967,16848,5463
NEW HAMPSHIRE,2012,NEW HAMPSHIRE 2012,117,28664,67690,13433,18623,7556
NEW HAMPSHIRE,2013,NEW HAMPSHIRE 2013,506,29237,69180,14720,21059,8467
NEW HAMPSHIRE,2014,NEW HAMPSHIRE 2014,157,32338,71989,17356,20507,9671
NEW HAMPSHIRE,2015,NEW HAMPSHIRE 2015,111,31474,67162,17779,19197,10180
NEW HAMPSHIRE,2016,NEW HAMPSHIRE 2016,110,33563,65955,18229,17812,10550
NEW HAMPSHIRE,2017,NEW HAMPSHIRE 2017,237,32141,245018,17713,19079,10281
NEW HAMPSHIRE,2018,NEW HAMPSHIRE 2018,278,32648,66393,18946,19555,10718
NEW HAMPSHIRE,2019,NEW HAMPSHIRE 2019,354,31858,62643,18387,20612,10242
NEW JERSEY,2006,NEW JERSEY 2006,325,479615,155130,25425,119280,6989
NEW JERSEY,2007,NEW JERSEY 2007,325,479615,155130,25425,119280,6989
NEW JERSEY,2008,NEW JERSEY 2008,325,479615,155130,25425,119280,6989
NEW JERSEY,2009,NEW JERSEY 2009,325,479615,155130,25425,119280,6989
NEW JERSEY,2010,NEW JERSEY 2010,577,613947,143378,20944,140187,2087
NEW JERSEY,2011,NEW JERSEY 2011,577,613947,143378,20944,140187,2087
NEW JERSEY,2012,NEW JERSEY 2012,591,632172,126929,18220,135648,2234
NEW JERSEY,2013,NEW JERSEY 2013,1018,673940,124792,19266,143714,2687
NEW JERSEY,2014,NEW JERSEY 2014,276,730360,125187,19190,157575,3151
NEW JERSEY,2015,NEW JERSEY 2015,205,730074,116431,18717,163036,3157
NEW JERSEY,2016,NEW JERSEY 2016,251,750777,107003,19032,169052,3465
NEW JERSEY,2017,NEW JERSEY 2017,278,735889,352803,19445,166223,3131
NEW JERSEY,2018,NEW JERSEY 2018,254,754227,101558,19919,171547,3719
NEW JERSEY,2019,NEW JERSEY 2019,374,744327,91619,19966,174492,3758
NEW MEXICO,2006,NEW MEXICO 2006,355,109505,340,31230,22765,34666
NEW MEXICO,2007,NEW MEXICO 2007,355,109505,340,31230,22765,34666
NEW MEXICO,2008,NEW MEXICO 2008,355,109505,340,31230,22765,34666
NEW MEXICO,2009,NEW MEXICO 2009,355,109505,340,31230,22765,34666
NEW MEXICO,2010,NEW MEXICO 2010,629,123113,424,23586,33636,17320
NEW MEXICO,2011,NEW MEXICO 2011,629,123113,424,23586,33636,17320
NEW MEXICO,2012,NEW MEXICO 2012,408,122527,286,22082,33957,17574
NEW MEXICO,2013,NEW MEXICO 2013,462,126556,186,21729,34792,18025
NEW MEXICO,2014,NEW MEXICO 2014,63,132515,182,20526,37877,17492
NEW MEXICO,2015,NEW MEXICO 2015,132,137188,192,18465,38903,19897
NEW MEXICO,2016,NEW MEXICO 2016,94,140963,188,17161,40282,21256
NEW MEXICO,2017,NEW MEXICO 2017,98,140104,1020,18091,40738,20130
NEW MEXICO,2018,NEW MEXICO 2018,94,141461,219,17797,43195,20998
NEW MEXICO,2019,NEW MEXICO 2019,226,139629,290,17602,45654,21146
NEW YORK,2006,NEW YORK 2006,2425,1051045,602940,80135,243210,82613
NEW YORK,2007,NEW YORK 2007,2425,1051045,602940,80135,243210,82613
NEW YORK,2008,NEW YORK 2008,2425,1051045,602940,80135,243210,82613
NEW YORK,2009,NEW YORK 2009,2425,1051045,602940,80135,243210,82613
NEW YORK,2010,NEW YORK 2010,3558,1053464,689178,66386,240014,27003
NEW YORK,2011,NEW YORK 2011,3558,1053464,689178,66386,240014,27003
NEW YORK,2012,NEW YORK 2012,4955,1108145,661169,62856,242019,31316
NEW YORK,2013,NEW YORK 2013,19967,1208873,663603,67069,259025,35485
NEW YORK,2014,NEW YORK 2014,5664,1296025,654507,71581,279119,38863
NEW YORK,2015,NEW YORK 2015,4990,1307634,623964,74400,295908,40144
NEW YORK,2016,NEW YORK 2016,5076,1301412,583956,77654,306328,38794
NEW YORK,2017,NEW YORK 2017,5051,1301494,1907333,77235,301368,38190
NEW YORK,2018,NEW YORK 2018,4983,1321384,569588,78129,312584,37800
NEW YORK,2019,NEW YORK 2019,5122,1325532,543203,80106,323824,37103
NORTH CAROLINA,2006,NORTH CAROLINA 2006,180,158935,136520,115240,411325,65657
NORTH CAROLINA,2007,NORTH CAROLINA 2007,180,158935,136520,115240,411325,65657
NORTH CAROLINA,2008,NORTH CAROLINA 2008,180,158935,136520,115240,411325,65657
NORTH CAROLINA,2009,NORTH CAROLINA 2009,180,158935,136520,115240,411325,65657
NORTH CAROLINA,2010,NORTH CAROLINA 2010,147,183194,114213,111491,572921,28344
NORTH CAROLINA,2011,NORTH CAROLINA 2011,147,183194,114213,111491,572921,28344
NORTH CAROLINA,2012,NORTH CAROLINA 2012,106,176870,92728,97297,615411,28162
NORTH CAROLINA,2013,NORTH CAROLINA 2013,692,189501,91462,102433,690504,31694
NORTH CAROLINA,2014,NORTH CAROLINA 2014,165,201503,88703,103253,762137,33797
NORTH CAROLINA,2015,NORTH CAROLINA 2015,193,199451,81817,101112,772732,31909
NORTH CAROLINA,2016,NORTH CAROLINA 2016,395,195204,71210,89903,769979,32225
NORTH CAROLINA,2017,NORTH CAROLINA 2017,345,188967,161186,90373,754951,31711
NORTH CAROLINA,2018,NORTH CAROLINA 2018,315,185444,64371,85315,768890,30910
NORTH CAROLINA,2019,NORTH CAROLINA 2019,366,181621,59216,81658,774279,29911
NORTH DAKOTA,2006,NORTH DAKOTA 2006,625,22430,6805,11180,22155,1354
NORTH DAKOTA,2007,NORTH DAKOTA 2007,625,22430,6805,11180,22155,1354
NORTH DAKOTA,2008,NORTH DAKOTA 2008,625,22430,6805,11180,22155,1354
NORTH DAKOTA,2009,NORTH DAKOTA 2009,625,22430,6805,11180,22155,1354
NORTH DAKOTA,2010,NORTH DAKOTA 2010,481,23122,5012,10447,34275,511
NORTH DAKOTA,2011,NORTH DAKOTA 2011,481,23122,5012,10447,34275,511
NORTH DAKOTA,2012,NORTH DAKOTA 2012,557,23445,4726,10244,36601,444
NORTH DAKOTA,2013,NORTH DAKOTA 2013,1220,22617,4001,10728,32850,438
NORTH DAKOTA,2014,NORTH DAKOTA 2014,301,24885,3917,11325,35984,331
NORTH DAKOTA,2015,NORTH DAKOTA 2015,502,25140,3397,10997,35182,326
NORTH DAKOTA,2016,NORTH DAKOTA 2016,607,25308,3495,10919,38826,281
NORTH DAKOTA,2017,NORTH DAKOTA 2017,635,26978,9850,11618,40279,292
NORTH DAKOTA,2018,NORTH DAKOTA 2018,739,27977,3489,11366,43273,376
NORTH DAKOTA,2019,NORTH DAKOTA 2019,566,27894,3265,10821,45580,383
OHIO,2006,OHIO 2006,1530,783180,53255,69105,256095,47724
OHIO,2007,OHIO 2007,1530,783180,53255,69105,256095,47724
OHIO,2008,OHIO 2008,1530,783180,53255,69105,256095,47724
OHIO,2009,OHIO 2009,1530,783180,53255,69105,256095,47724
OHIO,2010,OHIO 2010,1634,889268,48470,69271,330059,19942
OHIO,2011,OHIO 2011,1634,889268,48470,69271,330059,19942
OHIO,2012,OHIO 2012,1297,857846,42703,63305,343496,21969
OHIO,2013,OHIO 2013,3959,907581,42700,67506,366837,25409
OHIO,2014,OHIO 2014,1678,947056,43269,68331,390200,28368
OHIO,2015,OHIO 2015,1512,923793,37686,65314,392353,26904
OHIO,2016,OHIO 2016,1505,902503,34799,61108,398854,25081
OHIO,2017,OHIO 2017,1490,899557,118830,61494,396821,25959
OHIO,2018,OHIO 2018,1330,905399,34225,59867,406693,25483
OHIO,2019,OHIO 2019,1324,894926,32686,60056,411764,24686
OKLAHOMA,2006,OKLAHOMA 2006,10,207605,445,47465,103000,24310
OKLAHOMA,2007,OKLAHOMA 2007,10,207605,445,47465,103000,24310
OKLAHOMA,2008,OKLAHOMA 2008,10,207605,445,47465,103000,24310
OKLAHOMA,2009,OKLAHOMA 2009,10,207605,445,47465,103000,24310
OKLAHOMA,2010,OKLAHOMA 2010,42,209825,1216,37476,136219,9150
OKLAHOMA,2011,OKLAHOMA 2011,42,209825,1216,37476,136219,9150
OKLAHOMA,2012,OKLAHOMA 2012,0,192128,258,32003,138573,10236
OKLAHOMA,2013,OKLAHOMA 2013,63,194520,243,33445,147054,10058
OKLAHOMA,2014,OKLAHOMA 2014,35,209714,374,35111,159635,9829
OKLAHOMA,2015,OKLAHOMA 2015,39,205274,618,32368,172319,8722
OKLAHOMA,2016,OKLAHOMA 2016,0,195394,587,32056,175810,8648
OKLAHOMA,2017,OKLAHOMA 2017,23,196586,1649,31144,176450,9172
OKLAHOMA,2018,OKLAHOMA 2018,0,193588,607,30246,181837,9242
OKLAHOMA,2019,OKLAHOMA 2019,6,187850,752,28518,185713,9410
OREGON,2006,OREGON 2006,45,78435,19180,8040,213545,94328
OREGON,2007,OREGON 2007,45,78435,19180,8040,213545,94328
OREGON,2008,OREGON 2008,45,78435,19180,8040,213545,94328
OREGON,2009,OREGON 2009,45,78435,19180,8040,213545,94328
OREGON,2010,OREGON 2010,227,93471,15891,5652,252545,25069
OREGON,2011,OREGON 2011,227,93471,15891,5652,252545,25069
OREGON,2012,OREGON 2012,67,91471,11910,6178,252654,25948
OREGON,2013,OREGON 2013,188,103098,12637,7025,279742,31559
OREGON,2014,OREGON 2014,53,114217,13401,7420,297552,33878
OREGON,2015,OREGON 2015,37,114354,13027,7458,300440,35422
OREGON,2016,OREGON 2016,41,108931,10994,7196,290411,34103
OREGON,2017,OREGON 2017,60,101821,42587,7127,282576,32142
OREGON,2018,OREGON 2018,75,99524,9273,7243,277859,30818
OREGON,2019,OREGON 2019,73,95214,8488,7540,274868,30401
PENNSYLVANIA,2006,PENNSYLVANIA 2006,18705,717210,321215,42175,214355,76060
PENNSYLVANIA,2007,PENNSYLVANIA 2007,18705,717210,321215,42175,214355,76060
PENNSYLVANIA,2008,PENNSYLVANIA 2008,18705,717210,321215,42175,214355,76060
PENNSYLVANIA,2009,PENNSYLVANIA 2009,18705,717210,321215,42175,214355,76060
PENNSYLVANIA,2010,PENNSYLVANIA 2010,17615,781029,322422,49068,277785,23731
PENNSYLVANIA,2011,PENNSYLVANIA 2011,17615,781029,322422,49068,277785,23731
PENNSYLVANIA,2012,PENNSYLVANIA 2012,16329,769593,306467,45931,302982,31876
PENNSYLVANIA,2013,PENNSYLVANIA 2013,65415,790011,303498,45260,330579,35045
PENNSYLVANIA,2014,PENNSYLVANIA 2014,19687,823968,307726,47094,354176,37577
PENNSYLVANIA,2015,PENNSYLVANIA 2015,18591,807737,293157,48178,364019,37960
PENNSYLVANIA,2016,PENNSYLVANIA 2016,18465,792443,277123,47933,368848,37615
PENNSYLVANIA,2017,PENNSYLVANIA 2017,18753,805468,929179,49475,375249,37504
PENNSYLVANIA,2018,PENNSYLVANIA 2018,19155,805713,270686,51068,383217,38025
PENNSYLVANIA,2019,PENNSYLVANIA 2019,17961,803337,258155,53157,391847,37441
RHODE ISLAND,2006,RHODE ISLAND 2006,80,67415,42210,4225,14520,3609
RHODE ISLAND,2007,RHODE ISLAND 2007,80,67415,42210,4225,14520,3609
RHODE ISLAND,2008,RHODE ISLAND 2008,80,67415,42210,4225,14520,3609
RHODE ISLAND,2009,RHODE ISLAND 2009,80,67415,42210,4225,14520,3609
RHODE ISLAND,2010,RHODE ISLAND 2010,68,62542,38469,3563,13115,392
RHODE ISLAND,2011,RHODE ISLAND 2011,68,62542,38469,3563,13115,392
RHODE ISLAND,2012,RHODE ISLAND 2012,203,66800,38614,2437,14753,646
RHODE ISLAND,2013,RHODE ISLAND 2013,498,75286,40857,2513,17659,693
RHODE ISLAND,2014,RHODE ISLAND 2014,129,78096,41000,3034,18134,926
RHODE ISLAND,2015,RHODE ISLAND 2015,196,78249,41034,3380,19948,1285
RHODE ISLAND,2016,RHODE ISLAND 2016,201,77180,37438,3400,20680,1531
RHODE ISLAND,2017,RHODE ISLAND 2017,125,76081,142625,3105,20387,1328
RHODE ISLAND,2018,RHODE ISLAND 2018,167,77562,36110,3313,21295,1379
RHODE ISLAND,2019,RHODE ISLAND 2019,137,75229,33690,3404,22691,1238
SOUTH CAROLINA,2006,SOUTH CAROLINA 2006,75,104515,35875,49100,237860,19290
SOUTH CAROLINA,2007,SOUTH CAROLINA 2007,75,104515,35875,49100,237860,19290
SOUTH CAROLINA,2008,SOUTH CAROLINA 2008,75,104515,35875,49100,237860,19290
SOUTH CAROLINA,2009,SOUTH CAROLINA 2009,75,104515,35875,49100,237860,19290
SOUTH CAROLINA,2010,SOUTH CAROLINA 2010,53,101415,24842,40350,311576,6973
SOUTH CAROLINA,2011,SOUTH CAROLINA 2011,53,101415,24842,40350,311576,6973
SOUTH CAROLINA,2012,SOUTH CAROLINA 2012,88,96568,19446,35237,329370,8382
SOUTH CAROLINA,2013,SOUTH CAROLINA 2013,111,101029,18643,33897,365681,8856
SOUTH CAROLINA,2014,SOUTH CAROLINA 2014,94,106353,18128,34634,403062,8162
SOUTH CAROLINA,2015,SOUTH CAROLINA 2015,65,102475,14801,32362,403364,9021
SOUTH CAROLINA,2016,SOUTH CAROLINA 2016,115,100052,13033,30118,402450,8783
SOUTH CAROLINA,2017,SOUTH CAROLINA 2017,72,94747,24284,28881,386858,8551
SOUTH CAROLINA,2018,SOUTH CAROLINA 2018,66,91502,12633,27814,392098,8604
SOUTH CAROLINA,2019,SOUTH CAROLINA 2019,62,85215,11166,26199,389029,8373
SOUTH DAKOTA,2006,SOUTH DAKOTA 2006,125,26350,5840,19215,19460,4886
SOUTH DAKOTA,2007,SOUTH DAKOTA 2007,125,26350,5840,19215,19460,4886
SOUTH DAKOTA,2008,SOUTH DAKOTA 2008,125,26350,5840,19215,19460,4886
SOUTH DAKOTA,2009,SOUTH DAKOTA 2009,125,26350,5840,19215,19460,4886
SOUTH DAKOTA,2010,SOUTH DAKOTA 2010,43,36725,4893,17166,26456,1458
SOUTH DAKOTA,2011,SOUTH DAKOTA 2011,43,36725,4893,17166,26456,1458
SOUTH DAKOTA,2012,SOUTH DAKOTA 2012,142,33875,3432,17486,27352,1487
SOUTH DAKOTA,2013,SOUTH DAKOTA 2013,341,35532,3244,16752,29302,1966
SOUTH DAKOTA,2014,SOUTH DAKOTA 2014,0,36830,2804,15993,30650,1664
SOUTH DAKOTA,2015,SOUTH DAKOTA 2015,0,35321,2674,14205,31110,1970
SOUTH DAKOTA,2016,SOUTH DAKOTA 2016,34,35360,2802,15194,31467,1650
SOUTH DAKOTA,2017,SOUTH DAKOTA 2017,18,36100,9159,15353,31973,1727
SOUTH DAKOTA,2018,SOUTH DAKOTA 2018,18,37754,2843,15654,33451,1512
SOUTH DAKOTA,2019,SOUTH DAKOTA 2019,18,36030,2703,15041,34923,1572
TENNESSEE,2006,TENNESSEE 2006,1635,180725,19610,47570,342720,50891
TENNESSEE,2007,TENNESSEE 2007,1635,180725,19610,47570,342720,50891
TENNESSEE,2008,TENNESSEE 2008,1635,180725,19610,47570,342720,50891
TENNESSEE,2009,TENNESSEE 2009,1635,180725,19610,47570,342720,50891
TENNESSEE,2010,TENNESSEE 2010,1135,196774,13074,44726,427495,21818
TENNESSEE,2011,TENNESSEE 2011,1135,196774,13074,44726,427495,21818
TENNESSEE,2012,TENNESSEE 2012,737,190861,10282,36407,447823,22503
TENNESSEE,2013,TENNESSEE 2013,1367,193170,8608,35932,485637,22591
TENNESSEE,2014,TENNESSEE 2014,893,193695,8521,35755,516692,25108
TENNESSEE,2015,TENNESSEE 2015,814,188922,6527,34080,510441,24489
TENNESSEE,2016,TENNESSEE 2016,698,181009,5949,31352,508429,24612
TENNESSEE,2017,TENNESSEE 2017,754,184487,11948,31431,505528,23773
TENNESSEE,2018,TENNESSEE 2018,559,180785,5641,29281,505124,23201
TENNESSEE,2019,TENNESSEE 2019,582,182522,5292,28937,510961,22367
TEXAS,2006,TEXAS 2006,180,821925,2185,169885,956640,32046
TEXAS,2007,TEXAS 2007,180,821925,2185,169885,956640,32046
TEXAS,2008,TEXAS 2008,180,821925,2185,169885,956640,32046
TEXAS,2009,TEXAS 2009,180,821925,2185,169885,956640,32046
TEXAS,2010,TEXAS 2010,152,804318,4309,118546,1346459,12907
TEXAS,2011,TEXAS 2011,152,804318,4309,118546,1346459,12907
TEXAS,2012,TEXAS 2012,88,762637,4405,98798,1403616,11401
TEXAS,2013,TEXAS 2013,278,794742,4249,102016,1537442,12630
TEXAS,2014,TEXAS 2014,311,818416,3828,101488,1655176,12682
TEXAS,2015,TEXAS 2015,325,794801,4530,96478,1675325,12971
TEXAS,2016,TEXAS 2016,309,781467,3895,91917,1706241,12933
TEXAS,2017,TEXAS 2017,359,777377,10602,89853,1693264,12320
TEXAS,2018,TEXAS 2018,395,770366,3992,87646,1736017,12351
TEXAS,2019,TEXAS 2019,383,765231,3801,83326,1764991,12386
UTAH,2006,UTAH 2006,900,114910,1310,6490,22895,7756
UTAH,2007,UTAH 2007,900,114910,1310,6490,22895,7756
UTAH,2008,UTAH 2008,900,114910,1310,6490,22895,7756
UTAH,2009,UTAH 2009,900,114910,1310,6490,22895,7756
UTAH,2010,UTAH 2010,806,159301,1087,5975,28844,3351
UTAH,2011,UTAH 2011,806,159301,1087,5975,28844,3351
UTAH,2012,UTAH 2012,668,148465,813,4882,27474,2979
UTAH,2013,UTAH 2013,1647,169781,706,5245,31552,3267
UTAH,2014,UTAH 2014,391,187783,572,5822,33947,3634
UTAH,2015,UTAH 2015,332,187295,475,5047,35981,3958
UTAH,2016,UTAH 2016,393,173616,413,4652,35585,3550
UTAH,2017,UTAH 2017,397,167970,1393,4706,34230,3473
UTAH,2018,UTAH 2018,426,164096,412,4976,33969,3351
UTAH,2019,UTAH 2019,353,164833,491,4986,36228,3582
VERMONT,2006,VERMONT 2006,95,6095,32620,8065,5050,22616
VERMONT,2007,VERMONT 2007,95,6095,32620,8065,5050,22616
VERMONT,2008,VERMONT 2008,95,6095,32620,8065,5050,22616
VERMONT,2009,VERMONT 2009,95,6095,32620,8065,5050,22616
VERMONT,2010,VERMONT 2010,60,8676,37803,9144,6696,5957
VERMONT,2011,VERMONT 2011,60,8676,37803,9144,6696,5957
VERMONT,2012,VERMONT 2012,31,7173,34326,8001,4992,6713
VERMONT,2013,VERMONT 2013,445,10942,36982,8622,5544,8159
VERMONT,2014,VERMONT 2014,174,9304,34342,9926,5105,8484
VERMONT,2015,VERMONT 2015,178,10264,35533,9836,5042,8413
VERMONT,2016,VERMONT 2016,105,10223,35477,10445,4472,9549
VERMONT,2017,VERMONT 2017,239,11874,118521,10514,5446,10215
VERMONT,2018,VERMONT 2018,344,10701,37155,10970,4863,10172
VERMONT,2019,VERMONT 2019,344,11363,37813,10835,5370,10141
VIRGINIA,2006,VIRGINIA 2006,3420,167365,118735,37375,295515,78994
VIRGINIA,2007,VIRGINIA 2007,3420,167365,118735,37375,295515,78994
VIRGINIA,2008,VIRGINIA 2008,3420,167365,118735,37375,295515,78994
VIRGINIA,2009,VIRGINIA 2009,3420,167365,118735,37375,295515,78994
VIRGINIA,2010,VIRGINIA 2010,2374,182369,104702,40589,387943,27427
VIRGINIA,2011,VIRGINIA 2011,2374,182369,104702,40589,387943,27427
VIRGINIA,2012,VIRGINIA 2012,2117,182434,92719,38355,430883,30466
VIRGINIA,2013,VIRGINIA 2013,2938,191692,92387,39175,472496,33561
VIRGINIA,2014,VIRGINIA 2014,1856,195299,88576,39157,499449,36240
VIRGINIA,2015,VIRGINIA 2015,1323,194517,80983,39704,514573,37168
VIRGINIA,2016,VIRGINIA 2016,1012,199682,75975,38750,536282,36586
VIRGINIA,2017,VIRGINIA 2017,1350,203586,181881,39980,542003,37177
VIRGINIA,2018,VIRGINIA 2018,1143,207835,72620,39409,562613,36480
VIRGINIA,2019,VIRGINIA 2019,1405,209403,66280,39223,564486,34691
WASHINGTON,2006,WASHINGTON 2006,185,110035,24980,14505,366220,106968
WASHINGTON,2007,WASHINGTON 2007,185,110035,24980,14505,366220,106968
WASHINGTON,2008,WASHINGTON 2008,185,110035,24980,14505,366220,106968
WASHINGTON,2009,WASHINGTON 2009,185,110035,24980,14505,366220,106968
WASHINGTON,2010,WASHINGTON 2010,278,136670,22198,17157,453460,30425
WASHINGTON,2011,WASHINGTON 2011,278,136670,22198,17157,453460,30425
WASHINGTON,2012,WASHINGTON 2012,145,137500,17832,16492,444681,32064
WASHINGTON,2013,WASHINGTON 2013,466,149429,16997,18214,489197,35191
WASHINGTON,2014,WASHINGTON 2014,82,164424,16566,19891,522692,37259
WASHINGTON,2015,WASHINGTON 2015,79,164225,15200,18098,530454,37724
WASHINGTON,2016,WASHINGTON 2016,93,161634,14243,17646,527205,38382
WASHINGTON,2017,WASHINGTON 2017,60,159775,65265,17349,527730,37559
WASHINGTON,2018,WASHINGTON 2018,67,159626,12977,16953,533060,38098
WASHINGTON,2019,WASHINGTON 2019,48,156680,12010,15951,530264,37835
WEST VIRGINIA,2006,WEST VIRGINIA 2006,4480,102000,17565,13870,76960,43634
WEST VIRGINIA,2007,WEST VIRGINIA 2007,4480,102000,17565,13870,76960,43634
WEST VIRGINIA,2008,WEST VIRGINIA 2008,4480,102000,17565,13870,76960,43634
WEST VIRGINIA,2009,WEST VIRGINIA 2009,4480,102000,17565,13870,76960,43634
WEST VIRGINIA,2010,WEST VIRGINIA 2010,3713,91865,13108,11764,87108,14142
WEST VIRGINIA,2011,WEST VIRGINIA 2011,3713,91865,13108,11764,87108,14142
WEST VIRGINIA,2012,WEST VIRGINIA 2012,2842,91920,9994,9582,100292,15270
WEST VIRGINIA,2013,WEST VIRGINIA 2013,5727,87970,8729,9508,99799,16013
WEST VIRGINIA,2014,WEST VIRGINIA 2014,2601,87273,9124,9712,104730,17187
WEST VIRGINIA,2015,WEST VIRGINIA 2015,2530,84321,8378,9312,106317,18056
WEST VIRGINIA,2016,WEST VIRGINIA 2016,2276,83719,7468,9024,111331,17133
WEST VIRGINIA,2017,WEST VIRGINIA 2017,2259,88815,23594,9936,113363,18106
WEST VIRGINIA,2018,WEST VIRGINIA 2018,2188,89627,7342,9814,118723,17966
WEST VIRGINIA,2019,WEST VIRGINIA 2019,2171,89042,7020,9606,118780,17524
WISCONSIN,2006,WISCONSIN 2006,155,294600,39580,53690,89100,56862
WISCONSIN,2007,WISCONSIN 2007,155,294600,39580,53690,89100,56862
WISCONSIN,2008,WISCONSIN 2008,155,294600,39580,53690,89100,56862
WISCONSIN,2009,WISCONSIN 2009,155,294600,39580,53690,89100,56862
WISCONSIN,2010,WISCONSIN 2010,161,380277,33801,62714,125434,20975
WISCONSIN,2011,WISCONSIN 2011,161,380277,33801,62714,125434,20975
WISCONSIN,2012,WISCONSIN 2012,152,370747,26515,60689,131402,23493
WISCONSIN,2013,WISCONSIN 2013,282,398448,26290,65716,142450,26822
WISCONSIN,2014,WISCONSIN 2014,121,425969,26498,68173,152488,28923
WISCONSIN,2015,WISCONSIN 2015,53,413702,23593,65080,154068,28397
WISCONSIN,2016,WISCONSIN 2016,108,410235,21787,66255,155709,27130
WISCONSIN,2017,WISCONSIN 2017,96,407583,69114,66647,152531,26978
WISCONSIN,2018,WISCONSIN 2018,125,415231,19796,67396,154964,26447
WISCONSIN,2019,WISCONSIN 2019,151,409051,17701,68179,156142,25344
WYOMING,2006,WYOMING 2006,340,29430,130,5345,10580,8574
WYOMING,2007,WYOMING 2007,340,29430,130,5345,10580,8574
WYOMING,2008,WYOMING 2008,340,29430,130,5345,10580,8574
WYOMING,2009,WYOMING 2009,340,29430,130,5345,10580,8574
WYOMING,2010,WYOMING 2010,303,28956,134,4558,11403,1574
WYOMING,2011,WYOMING 2011,303,28956,134,4558,11403,1574
WYOMING,2012,WYOMING 2012,276,30619,150,6317,12917,2717
WYOMING,2013,WYOMING 2013,1521,33704,169,5870,13935,2891
WYOMING,2014,WYOMING 2014,261,35598,370,5849,16098,3297
WYOMING,2015,WYOMING 2015,159,35447,302,5211,15938,2855
WYOMING,2016,WYOMING 2016,344,31155,176,5138,16127,2989
WYOMING,2017,WYOMING 2017,299,33921,640,5285,16104,2673
WYOMING,2018,WYOMING 2018,312,32693,177,5296,16337,2593
WYOMING,2019,WYOMING 2019,397,34040,176,5813,17153,2481
